opportunity_id,title,pattern,partner_id,weighted_score,band,evidence_confidence,pathway_overall,binding_gap,treatment,treatment_rationale,delivery_model,second_best,exit_condition,cost_note,validation_triage,interdependencies,complementarity_ids,evidence_ids
OPP-01,Assured multi-orbit SATCOM through allied and commercial augmentation (SPA9102 window live),technology,P-US,86,A,Medium,AMBER,"authority (AMBER): narrowband at RFT under First Pass only; wideband and alternative-communications lines of effort remain unscoped (EV-MILSATCO-09, EV-MILSATCO-10); resource (AMBER): IIP envelope committed (A$5.2-7.2bn) but wideband acquisition unapproved; interim posture rests on WGS to the 2029 access horizon, Optus C1 contracted to September 2034 and Intelsat IS-22 UHF to at least 2033 (EV-MILSATCO-12, EV-MILSATCO-13, EV-MILSATCO-15, EV-MILSATCO-16, EV-MILSATCO-22); sovereignty (AMBER): structural dependency on US and commercial providers (EV-AUINPUTS-20)",Act now,"Live window closing within ~12 months (RFT announced 10 July 2026, EV-MILSATCO-07 FACT/High; SPA9102 close 19 August 2026 TO_VERIFY per EV-MILSATCO-09; responses ~November 2026, EV-MILSATCO-22) with A-band value; the v1 resource gap has partially resolved into a funded timing window, and interim assured-access negotiation proceeds in parallel. The narrowband RFT response itself is owned by OPP-14 ",hybrid,Hosted-payload and sovereign-demonstrator line: Optus/Inovor-consortium sovereign LEO satellite targeted for launch early 2028 (EV-MILSATCO-19); IS-22 UHF extension options run to 2041 (EV-MILSATCO-14,,"Cost: not estimated in this open-source baseline - order of magnitude TBD at custodian validation. No new-money ask is implied by the treatment label; any resource ask must be sized before decision (all A$ figures elsewhere in this record are existing program context, not asks).","EV-MILSATCO-09 (RFT close date) - verify on AusTender before 1 Aug 2026 (GL-27); VEH-US-26 WGS post-2029 renewal path; EV-USSFCSPO-18/-19 (SpaceNews-derived, Medium) - replace with official MoU record","OPP-14:delivery-leg-of: OPP-14 owns the live SPA9102 narrowband RFT response; OPP-01 owns the wideband/alternative-communications and multi-orbit architecture decision space (single-owner rule, red-team 2026-07-18)",C-01,EV-AUINPUTS-10; EV-AUINPUTS-11; EV-USSFCSPO-18; EV-USSFCSPO-19; EV-AUINPUTS-20; EV-MILSATCO-07; EV-MILSATCO-08; EV-MILSATCO-09; EV-MILSATCO-10; EV-MILSATCO-11; EV-MILSATCO-12; EV-MILSATCO-13; EV-MILSATCO-15; EV-MILSATCO-16; EV-MILSATCO-19; EV-MILSATCO-22
OPP-02,Southern-hemisphere SDA sensing network deepening,geographic,P-US,91,A,High,AMBER,"resource (AMBER): DARC support costs reported to pressure JP9360 funding (EV-AUINPUTS-14, Low confidence); no JP9360 tranche award evidenced in 2025-26 (EV-SDAPROGR-03)",Act now,"Operations already in execution; A-band value with a single Amber resource gap. Expansion decisions are conditional on JP9360 funding clarity, resolved through the single portfolio-level 'DARC support vs JP9360 tranche funding' decision shared with OPP-03 and OPP-18 (GL-03/GL-08/GL-29), not opportunity-by-opportunity.",bilateral,Multilateral CSpO data-sharing track if bilateral channels stall (EV-USSFCSPO-07).,,"Cost: not estimated in this open-source baseline - order of magnitude TBD at custodian validation. No new-money ask is implied by the treatment label; any resource ask must be sized before decision (all A$ figures elsewhere in this record are existing program context, not asks).","EV-AUINPUTS-14 (DARC/JP9360 pressure, Low) - validate before next AUSMIN (GL-03); VEH-US-20 (2012 SSA MoU) supersession status","OPP-03:competes-for-resource: DARC support costs reported to pressure the same unawarded JP9360 funding (EV-AUINPUTS-14 Low-confidence; EV-SDAPROGR-03) - one portfolio decision, not two levers; OPP-18:competes-for-resource and hedged-by (conditional): OPP-18 is the claimed commercial-unclassified hedge (DEP-06) yet draws on the same JP9360 money",C-02; C-04; C-05,EV-USSFCSPO-11; EV-USSFCSPO-12; EV-JAPANAU-22; EV-GERMANY-05; EV-AUINPUTS-12; EV-SDAPROGR-03; EV-SDAPROGR-08; EV-SDAPROGR-10; EV-SDAPROGR-12; EV-SDAPROGR-13; EV-SDAPROGR-21; EV-USSFCSPO-04
OPP-02,Southern-hemisphere SDA sensing network deepening,geographic,P-JP,76,B,Medium,AMBER,instrument (AMBER): no explicit space lines of effort in FSDC-era statements (EV-JAPANAU-15); security (AMBER): ISA exists but SDA releasability arrangements unevidenced (EV-JAPANAU-17),Build pathway,"B-band value with Amber instrument/security gaps; lever a space annex under the FSDC and a release matrix before proposal maturity (EV-JAPANAU-15, EV-JAPANAU-17).",bilateral,Multilateral CSpO data-sharing track if bilateral channels stall (EV-USSFCSPO-07).,Exit/switch: fall back to the CSpO data-sharing track (second_best) if no FSDC space annex or SDA release matrix (GL-04/GL-05) is agreed within the next 2+2 cycle.,,,"OPP-03:competes-for-resource: DARC support costs reported to pressure the same unawarded JP9360 funding (EV-AUINPUTS-14 Low-confidence; EV-SDAPROGR-03) - one portfolio decision, not two levers; OPP-18:competes-for-resource and hedged-by (conditional): OPP-18 is the claimed commercial-unclassified hedge (DEP-06) yet draws on the same JP9360 money",C-02; C-04; C-05,EV-USSFCSPO-11; EV-USSFCSPO-12; EV-JAPANAU-22; EV-GERMANY-05; EV-AUINPUTS-12; EV-SDAPROGR-03; EV-SDAPROGR-08; EV-SDAPROGR-10; EV-SDAPROGR-12; EV-SDAPROGR-13; EV-SDAPROGR-21; EV-USSFCSPO-04
OPP-02,Southern-hemisphere SDA sensing network deepening,geographic,P-DE,69,B,Medium,AMBER,authority (AMBER): civil-military GSSAC governance for foreign exchange unevidenced (EV-GERMANY-06); security (UNKNOWN): AU-DE information-release arrangements unevidenced (EV-GERMANY-14); technical (AMBER): catalogue interface compatibility unstudied (EV-GERMANY-08); resource (AMBER): no resourced bilateral activity evidenced (EV-GERMANY-21); mechanism (AMBER): no mechanism selected; workshop/data-protocol candidates (EV-GERMANY-21),Explore,"B-band on raw scoring (69/100) but two Unknowns and an intent-level bilateral instrument; validate releasability, then negotiate the implementing arrangement under the March 2026 Declaration of Intent (VEH-GERMANY-09) before any bilateral design. v2: instrument gap partially closed by the Declaration of Intent; remaining binding gap is releasability.",bilateral,Multilateral CSpO data-sharing track if bilateral channels stall (EV-USSFCSPO-07).,,,,"OPP-03:competes-for-resource: DARC support costs reported to pressure the same unawarded JP9360 funding (EV-AUINPUTS-14 Low-confidence; EV-SDAPROGR-03) - one portfolio decision, not two levers; OPP-18:competes-for-resource and hedged-by (conditional): OPP-18 is the claimed commercial-unclassified hedge (DEP-06) yet draws on the same JP9360 money",C-02; C-04; C-05,EV-USSFCSPO-11; EV-USSFCSPO-12; EV-JAPANAU-22; EV-GERMANY-05; EV-AUINPUTS-12; EV-SDAPROGR-03; EV-SDAPROGR-08; EV-SDAPROGR-10; EV-SDAPROGR-12; EV-SDAPROGR-13; EV-SDAPROGR-21; EV-USSFCSPO-04
OPP-03,DARC trilateral completion and sovereign SDA balance,operational,P-AUKUS,89,A,High,AMBER,"resource (AMBER): reported cost pressure on JP9360 from DARC support (EV-AUINPUTS-14, Low-confidence assessment); sovereignty (AMBER): allied hosting vs sovereign SDA tension flagged (EV-AUINPUTS-14); operational (AMBER): Australian access to Australian-hosted DARC data not yet evidenced - data-access terms to be agreed before 2027 full operations (EV-SDAPROGR-08; GL-31)",Act now,"In execution with A-band value; the Amber resource/sovereignty tension is resolved through the single portfolio-level 'DARC support vs JP9360' funding decision (GL-08, shared with OPP-02/OPP-18) and is not a reason to slow delivery - but Australian data-access terms (GL-31) must be agreed before 2027 full operations for delivery to count as an Australian capability rather than a hosted one.",multilateral,Sovereign JP9360 tranche acceleration if trilateral funding tensions bind (EV-AUINPUTS-12).,,"Cost: not estimated in this open-source baseline - order of magnitude TBD at custodian validation. No new-money ask is implied by the treatment label; any resource ask must be sized before decision (all A$ figures elsewhere in this record are existing program context, not asks).",EV-AUINPUTS-14 validation (shared with OPP-02); DARC Australian data-access terms before 2027 FOC (GL-31),OPP-02:competes-for-resource: shared JP9360 funding exposure and shared Exmouth geography single-point risk (DEP-08); OPP-18:competes-for-resource: JP9360 tranche funding (EV-SDAPROGR-03),C-03; C-20; C-23,EV-AUINPUTS-13; EV-USSFCSPO-14; EV-AUINPUTS-14; EV-SDAPROGR-05; EV-SDAPROGR-06; EV-SDAPROGR-07; EV-SDAPROGR-08; EV-SDAPROGR-09
OPP-04,Japan-Australia SDA information sharing and unit-level exchanges,operational,P-JP,76,B,High,GREEN,None - all assessed components Green.,Quick win,"B-band value, Green pathway, low resource demand - executable within the reiterated 2+2 mandate; liaison exchanges already commencing make this the fastest space partnership win available (EV-JAPANSDA-02).",bilateral,CSpO-track information sharing if bilateral tempo lags (EV-JAPANAU-10).,,"Cost: not estimated in this open-source baseline - order of magnitude TBD at custodian validation. No new-money ask is implied by the treatment label; any resource ask must be sized before decision (all A$ figures elsewhere in this record are existing program context, not asks).",,,C-04,EV-JAPANAU-14; EV-JAPANAU-06; EV-JAPANAU-10; EV-JAPANAU-22; EV-JAPANSDA-01; EV-JAPANSDA-02; EV-JAPANSDA-03; EV-JAPANSDA-10; EV-JAPANSDA-16; EV-JAPANSDA-17
OPP-05,QZSS ground-segment resilience and regional PNT augmentation with Japan,technology,P-JP,71,B,Medium,AMBER,instrument (AMBER): civil trial/hosting arrangements only; defence PNT instrument absent (EV-JAPANAU-05); forum (AMBER): no standing AU-JP PNT forum evidenced (EV-JAPANAU-05); owners (AMBER): JPD new (Apr 2024); Japanese counterpart owner unvalidated (EV-AUINPUTS-15); authority (AMBER): approval route for defence use of QZSS unevidenced (EV-JAPANAU-05); security (AMBER): signal-assurance information release untested (EV-JAPANAU-17); resource (AMBER): no funded joint activity evidenced (EV-JAPANAU-05); sovereignty (AMBER): adds another foreign-owned system; fallback framing needed (EV-CONVERSA-08); mechanism (AMBER): study TOR/technical exchange not yet selected (EV-JAPANAU-05),Explore,B-band (71) but pathway Amber across most components and defence applicability unproven; a bounded joint study is the right first exposure.,bilateral,"Commercial augmentation services (SouthPAN precedent, EV-CONVERSA-10).",,,,,C-06,EV-JAPANAU-04; EV-JAPANAU-05; EV-AUINPUTS-15; EV-CONVERSA-08; EV-RESILIEN-15; EV-RESILIEN-16; EV-RESILIEN-17; EV-JAPANSDA-15
OPP-06,Indian Ocean ground-segment partnership with India (Gaganyaan extension),geographic,P-IN,74,B,Medium,AMBER,"instrument (AMBER): civil instruments strengthening: 2021-amended ISRO-ASA MoU, November 2024 crew-recovery IA, and a reported second (December 2024) IA covering the tracking terminal (TO_VERIFY); defence-space annex still absent - June 2026 Defence Ministers' Dialogue statement contains no space content (EV-INDIACOC-05, EV-INDIACOC-06, EV-INDIACOC-07, EV-INDIACOC-18); owners (AMBER): Australian and Indian defence-space owners unassigned (EV-QUADINDI-22); authority (AMBER): approval route for defence tracking support undefined (EV-QUADINDI-09); security (AMBER): space-data release arrangements unevidenced (EV-QUADINDI-09); mechanism (AMBER): follow-on mechanism (arrangement/annex) not selected (EV-QUADINDI-22)",Build pathway,B-band value on a proven civil base; defence extension is analyst assessment (EV-QUADINDI-22) requiring an instrument and release arrangements before proposals mature.,hybrid,Bilateral civil-only track via ISRO-ASA instruments if defence extension stalls (EV-QUADINDI-06).,Exit/switch: revert to the civil-only ISRO-ASA track (second_best) if a defence-space annex cannot be scoped under the 2026 Joint Declaration by the next annual summit cycle.,,,,C-09,EV-QUADINDI-06; EV-QUADINDI-07; EV-QUADINDI-08; EV-QUADINDI-09; EV-QUADINDI-22; EV-INDIACOC-01; EV-INDIACOC-02; EV-INDIACOC-03; EV-INDIACOC-05; EV-INDIACOC-07; EV-INDIACOC-14; EV-INDIACOC-18; EV-INDIACOC-19
OPP-07,Early integration into USSF Force Design (IPS LOE 1),institutional,P-US,87,A,Medium,AMBER,"security (UNKNOWN): release tier for Force Design artefacts unconfirmed (EV-USSFCSPO-03); resource (AMBER): space workforce nascent - first SIET graduates June 2026 (EV-USSFCSPO-17); sovereignty (AMBER): influence-through-contribution model, no legal entitlement (EV-USSFCSPO-20)",Act now,"Live window: SF/S9 stand-up and the public Objective Force 2040 baseline make 2026 the design-in year; A-band value on raw scoring (87/100; renormalised sensitivity view 92) justifies participation as a CONDITIONAL ask - approve subject to release-tier confirmation (GL-12, ACSO/FCP channel) before the first Australian Force Design input, with the security Unknown validated in parallel (per method ",bilateral,CSpO-mediated participation if bilateral bandwidth constrains (EV-USSFCSPO-07).,,"Cost: not estimated in this open-source baseline - order of magnitude TBD at custodian validation. No new-money ask is implied by the treatment label; any resource ask must be sized before decision (all A$ figures elsewhere in this record are existing program context, not asks).",EV-USSFCSPO-03 release tier for Force Design artefacts (GL-12) - decision condition; EV-USSFFORC-10 SF/S9 task-reassignment (ASSESSMENT) confirmation,,C-14; C-16,EV-USSFCSPO-02; EV-USSFCSPO-03; EV-USSFCSPO-05; EV-USSFCSPO-17; EV-USSFCSPO-20; EV-USSFFORC-04; EV-USSFFORC-05; EV-USSFFORC-06; EV-USSFFORC-07; EV-USSFFORC-10; EV-USSFFORC-12
OPP-08,US commercial launch from Australian spaceports under the TSA,commercial,P-US,72,B,Medium,RED,"security (RED): MTCR SLV technology on the Excluded Technology List requires individual US licences; segregated areas bar Australian access (EV-AUKUSLFE-05, EV-AUKUSLFE-19)",Build pathway,"Acceptance-test case (V7 s35): the highest-value option in this opportunity carries a RED security component - launch-vehicle technology transfer is blocked by MTCR exclusions, so only hosting-revenue activity can proceed while the technology-access gap is levered.",commercial,"Sovereign pathway via Gilmour Eris maturation (maiden test flight 30 July 2025, EV-AUINPUTS-18).",Exit/switch: hold at pathway-design and shift weight to the Gilmour Eris sovereign line (second_best) if no MTCR/ETL licensing relief (GL-14) is evidenced at the next export-control review.,,,,C-12; C-13,EV-AUKUSLFE-16; EV-AUKUSLFE-17; EV-AUKUSLFE-18; EV-AUKUSLFE-19; EV-AUKUSLFE-21; EV-GERMANY-17
OPP-08,US commercial launch from Australian spaceports under the TSA,commercial,P-DE,59,C,Medium,AMBER,technical (AMBER): orbital vehicle (RFA ONE) unflown (EV-GERMANY-16); resource (AMBER): partner priorities shifted to SaxaVord (EV-GERMANY-16),Explore,C-band value with Amber schedule/technical risk; keep ranges available and re-test once RFA ONE has flown - no Australian resource commitment warranted yet.,commercial,"Sovereign pathway via Gilmour Eris maturation (maiden test flight 30 July 2025, EV-AUINPUTS-18).",,,,,C-12; C-13,EV-AUKUSLFE-16; EV-AUKUSLFE-17; EV-AUKUSLFE-18; EV-AUKUSLFE-19; EV-AUKUSLFE-21; EV-GERMANY-17
OPP-09,Space-control contribution through MNF Operation Olympic Defender,operational,P-CSPO,74,B,High,AMBER,authority (AMBER): national approval levels for expanded contribution undefined (EV-USSFCSPO-10); security (AMBER): releasability varies across ten partners; Japan in CSpO but not OOD (EV-JAPANAU-12); technical (AMBER): combined mission system interfaces unevidenced (EV-USSFCSPO-09); resource (AMBER): workforce small; first dedicated graduates June 2026 (EV-USSFCSPO-17),Build pathway,B-band value in the standing multilateral vehicle; expansion needs the release-differential and workforce gaps levered before the Oslo meeting.,multilateral,Bilateral US channel via ESC MOU if multilateral tempo slows (EV-USSFCSPO-15).,"Exit/switch: scale contribution to the bilateral US channel (ESC MOU, second_best) if the release-differential and workforce gaps (GL-17/GL-18) are not levered by the December 2026 Oslo Principals' meeting.",,,,C-15,EV-USSFCSPO-09; EV-USSFCSPO-10; EV-AUINPUTS-08; EV-JAPANAU-11; EV-JAPANAU-12; EV-MULTILAT-01; EV-MULTILAT-02; EV-MULTILAT-06; EV-MULTILAT-19; EV-MULTILAT-20
OPP-10,"Earth observation continuity portfolio (Japan, US, Quad)",data,P-JP,91,A,High,AMBER,"sovereignty (AMBER): no sovereign fallback; continuity rests on Japanese policy decisions (EV-CONVERSA-20); resource (AMBER): Himawari-10 development delayed and ALOS-4 access channel unresolved (EV-EOCONTIN-14, EV-EOCONTIN-15; GL-34)",Act now,"A-band, in execution; sustain delivery while the sovereignty gap (fallback definition) is worked as a gap action, not a brake.",hybrid,Multilateral weighting (Quad/EUMETSAT-style channels) if a bilateral leg weakens (EV-QUADINDI-05).,,"Cost: not estimated in this open-source baseline - order of magnitude TBD at custodian validation. No new-money ask is implied by the treatment label; any resource ask must be sized before decision (all A$ figures elsewhere in this record are existing program context, not asks).",EV-EOCONTIN-14 revised Himawari-10 schedule (GL-34); EV-EOCONTIN-15 ALOS-4 access channel (TO_VERIFY/Low),OPP-20:hedged-by: commercial tasking (Maxar DAP line) is the designed crisis fallback for civil EO continuity (SCN-02) - counts as mitigation only once crisis-priority clauses are contracted,C-07; C-08; C-21,EV-CONVERSA-03; EV-USSCSPAC-18; EV-QUADINDI-02; EV-CONVERSA-20; EV-USSCSPAC-19; EV-EOCONTIN-02; EV-EOCONTIN-03; EV-EOCONTIN-04; EV-EOCONTIN-05; EV-EOCONTIN-08; EV-EOCONTIN-09; EV-EOCONTIN-10; EV-EOCONTIN-11; EV-EOCONTIN-12; EV-EOCONTIN-13; EV-EOCONTIN-15; EV-EOCONTIN-21; EV-JAPANSDA-15
OPP-10,"Earth observation continuity portfolio (Japan, US, Quad)",data,P-US,72,B,Medium,RED,"resource (RED): US FY2026 President's Budget request (2 May 2025) proposes no funding for Landsat Next as designed - restructure unresolved and no Australian public response evidenced (EV-EOCONTIN-08, EV-EOCONTIN-10); sovereignty (AMBER): no sovereign EO mission behind the partnership; Australia's A$207.4m/4yr + A$38.2m/yr commitment now attaches to a restructured program (EV-EOCONTIN-02, EV-EOCONTIN-04)",Build pathway,"B-band value with a resource RED: the US restructure blocks mature delivery planning until partnership terms are re-baselined; Australian ground-segment delivery (Alice Springs upgrade) continues as pathway work, with contingency weight shifted to Japan/Copernicus/commercial legs.",hybrid,Multilateral weighting (Quad/EUMETSAT-style channels) if a bilateral leg weakens (EV-QUADINDI-05).,Shift contingency weight to the Japan/Copernicus/commercial legs and pause new Landsat-specific commitments if partnership terms are not re-baselined at the first AUSMIN after the enacted FY2026 appropriations outcome is validated (GL-33).,,,OPP-20:hedged-by: commercial tasking (Maxar DAP line) is the designed crisis fallback for civil EO continuity (SCN-02) - counts as mitigation only once crisis-priority clauses are contracted,C-07; C-08; C-21,EV-CONVERSA-03; EV-USSCSPAC-18; EV-QUADINDI-02; EV-CONVERSA-20; EV-USSCSPAC-19; EV-EOCONTIN-02; EV-EOCONTIN-03; EV-EOCONTIN-04; EV-EOCONTIN-05; EV-EOCONTIN-08; EV-EOCONTIN-09; EV-EOCONTIN-10; EV-EOCONTIN-11; EV-EOCONTIN-12; EV-EOCONTIN-13; EV-EOCONTIN-15; EV-EOCONTIN-21; EV-JAPANSDA-15
OPP-10,"Earth observation continuity portfolio (Japan, US, Quad)",data,P-QUAD,65,B,Medium,AMBER,instrument (AMBER): no binding instrument; leaders' fact-sheet commitments (EV-QUADINDI-05),Build pathway,"B-band floor (65) but civil, non-binding and summit-cycle dependent; useful diversity channel, not a continuity guarantee.",hybrid,Multilateral weighting (Quad/EUMETSAT-style channels) if a bilateral leg weakens (EV-QUADINDI-05).,Exit/switch: treat as a diversity channel only and drop from continuity planning if no funded data-hosting commitment emerges in the next Quad summit cycle (GL-21).,,,OPP-20:hedged-by: commercial tasking (Maxar DAP line) is the designed crisis fallback for civil EO continuity (SCN-02) - counts as mitigation only once crisis-priority clauses are contracted,C-07; C-08; C-21,EV-CONVERSA-03; EV-USSCSPAC-18; EV-QUADINDI-02; EV-CONVERSA-20; EV-USSCSPAC-19; EV-EOCONTIN-02; EV-EOCONTIN-03; EV-EOCONTIN-04; EV-EOCONTIN-05; EV-EOCONTIN-08; EV-EOCONTIN-09; EV-EOCONTIN-10; EV-EOCONTIN-11; EV-EOCONTIN-12; EV-EOCONTIN-13; EV-EOCONTIN-15; EV-EOCONTIN-21; EV-JAPANSDA-15
OPP-11,Pacific space-enabled connectivity and maritime domain awareness assistance,policy,P-PIF,63,C,Medium,AMBER,"instrument (AMBER): Boe/2050 are policy frameworks, not delivery instruments (EV-PACIFIC-01, EV-PACIFIC-04); owners (AMBER): no assigned regional owner for LEO governance (EV-PACIFIC-06); authority (AMBER): consensus-based regional decision-making (EV-PACIFIC-01); technical (UNKNOWN): LEO integration and gateway architecture unassessed (EV-PACIFIC-06); operational (AMBER): Pacific-defined needs must lead; demand mapping incomplete (EV-PACIFIC-21); resource (AMBER): Australian channels exist; regional cost-share undefined (EV-PACIFIC-07); sovereignty (AMBER): data-sovereignty concerns precedent (PNG-Starlink) (EV-PACIFIC-06); mechanism (AMBER): commercial service contract with sovereignty conditions not yet framed, but the community-gateway model (Nauru December 2024, Kosrae February 2025) and the CCRC LEO governance research launched at the 30th PITA conference provide the template (EV-PACIFICC-05, EV-PACIFICC-12)",Explore,C-band on raw scoring (63/100; renormalised sensitivity view 66) with a framework-level partner and Unknown technical basis; a scoping study through PIF mechanisms is the correct next step.,commercial,Bilateral assistance packages where regional consensus is slow (EV-PACIFIC-07).,,,,,C-18,EV-PACIFIC-01; EV-PACIFIC-04; EV-PACIFIC-06; EV-PACIFIC-07; EV-PACIFIC-21; EV-PACIFICC-05; EV-PACIFICC-06; EV-PACIFICC-10; EV-PACIFICC-12; EV-PACIFICC-19; EV-PACIFICC-20
OPP-12,Space MAITRI follow-on: debris and space-sustainability mission line with India,commercial,P-IN,70,B,Medium,AMBER,"forum (AMBER): no standing industry-mission forum; summit-cycle attention (EV-QUADINDI-08); security (AMBER): DEC permits needed for spacecraft technology to India (EV-DECDSGL-21, EV-DECDSGL-19); technical (AMBER): mission not yet flown (EV-QUADINDI-12); operational (AMBER): civil sustainability mission; Defence utility indirect (EV-AUINPUTS-17)",Build pathway,First mission funded and contracted; follow-on scoping is cheap and keeps the channel warm - the DEC permit path is the single gap to pre-clear.,commercial,Bilateral government mission framing under ISRO-ASA instruments (EV-QUADINDI-06).,Exit/switch: revert to government-mission framing under ISRO-ASA instruments (second_best) if the DEC permit strategy (GL-24) is not cleared before mission commitment.,,,,C-09,EV-QUADINDI-12; EV-QUADINDI-08; EV-DECDSGL-21; EV-INDIACOC-08; EV-INDIACOC-09; EV-INDIACOC-10; EV-INDIACOC-11; EV-INDIACOC-12; EV-INDIACOC-13
OPP-13,UAE space engagement via standards and data-sharing entry points,institutional,P-AE,53,C,Medium,RED,"instrument (RED): defence-space cooperation would require new instruments; 2019 MoU civil and expressly non-binding (EV-UAE-21, EV-UAE-02)",Hold,"C-band value with a RED instrument component: hold defence-space ambitions until an instrument pathway exists; the register-supported lever is the low-cost IEEE standards entry (EV-UAE-23), carried in the gap backlog.",multilateral,"Commercial engagement via CEPA channels (in force 1 October 2025, EV-UAE-19).",,,,,C-19,EV-UAE-14; EV-UAE-17; EV-UAE-21; EV-UAE-22; EV-UAE-23
OPP-14,SPA9102 narrowband UHF delivery: allied interoperability and industrial participation,technology,P-US,87,A,High,AMBER,authority (AMBER): SPA9102 reported to hold First Pass approval only; Second Pass required to contract (EV-MILSATCO-09),Act now,"A-band value on a live window closing within ~12 months (RFT announced 10 July 2026, EV-MILSATCO-07 FACT/High; AusTender close 19 August 2026 TO_VERIFY per EV-MILSATCO-09; responses ~November 2026); the authority Amber (Second Pass) is the binding gap, now registered and dated as GL-26. OPP-14 owns the RFT response; the wideband/multi-orbit architecture decision space is owned by OPP-01 (see inter",hybrid,Extend IS-22 options (to 2041) and lease allied narrowband capacity if the sovereign acquisition slips (EV-MILSATCO-14).,,"Cost: not estimated in this open-source baseline - order of magnitude TBD at custodian validation. No new-money ask is implied by the treatment label; any resource ask must be sized before decision (all A$ figures elsewhere in this record are existing program context, not asks).",EV-MILSATCO-09 AusTender ATM ADSS/NOT/84124/1 (close date + First-Pass status) - verify before 1 Aug 2026 (GL-27); window independently anchored by EV-MILSATCO-07 (FACT/High); Second Pass approval pathway timing (GL-26),"OPP-01:constrains: single-UHF-GEO design decisions (ground segment, industry anchor, availability model) pre-commit parts of OPP-01's 'deliberate' wideband/multi-orbit architecture choice - record the architecture read-across at Second Pass",C-01,EV-MILSATCO-05; EV-MILSATCO-06; EV-MILSATCO-07; EV-MILSATCO-08; EV-MILSATCO-09; EV-MILSATCO-11; EV-MILSATCO-12; EV-MILSATCO-13; EV-MILSATCO-14; EV-MILSATCO-17; EV-MILSATCO-22
OPP-15,Layered resilient military PNT: M-code access and AUKUS quantum-clock line,technology,P-US,73,B,Medium,AMBER,"instrument (AMBER): multinational MGUE PA effective December 2020; Australian accession unconfirmed (EV-RESILIEN-09); authority (AMBER): JP9380 approval stage and M-code fielding decision path not evidenced (EV-RESILIEN-08); security (UNKNOWN): M-code release arrangements for Australia unevidenced in open sources (EV-RESILIEN-09); resource (AMBER): Joint PNT Directorate is a ~17-person team; JP9380 resourcing not evidenced beyond Phase 1 scoping (EV-RESILIEN-07, EV-RESILIEN-08); sovereignty (AMBER): GNSS-class dependency remains; SouthPAN itself relies on GPS input and excludes northern-Australia Safety-of-Life coverage (EV-RESILIEN-04)",Build pathway,B-band on raw scoring (73/100; renormalised sensitivity view 77) with the security Unknown and instrument Amber binding: accession/releasability must be confirmed before mature fielding proposals; trial-range contributions proceed as pathway work.,hybrid,"Commercial LEO-PNT demonstrations (OPP-16) as the diversity layer if allied M-code access stalls (EV-RESILIEN-18, EV-RESILIEN-19).","Exit/switch: shift weight to the commercial LEO-PNT layer (OPP-16, second_best) and the sovereign quantum line if MGUE PA accession remains unconfirmed at the next AUSMIN-cycle review.",,,OPP-16:hedged-by: commercial LEO-PNT demonstrations are the GPS-independent diversity layer if allied M-code access stalls (second_best),C-06,EV-RESILIEN-06; EV-RESILIEN-07; EV-RESILIEN-08; EV-RESILIEN-09; EV-RESILIEN-10; EV-RESILIEN-11; EV-RESILIEN-12; EV-RESILIEN-13; EV-RESILIEN-14; EV-RESILIEN-23; EV-AUKUSLFE-14; EV-DECDSGL-21
OPP-15,Layered resilient military PNT: M-code access and AUKUS quantum-clock line,technology,P-AUKUS,77,B,Medium,AMBER,"forum (AMBER): no named AUKUS Pillar 2 PNT workstream evidenced in open sources (EV-RESILIEN-13); authority (AMBER): transition-to-program decision path beyond seed contracts not evidenced (EV-RESILIEN-13); technical (AMBER): space qualification incomplete - comb flying, complete clock pending (EV-RESILIEN-14); operational (AMBER): no exercise or fielding pathway defined yet for quantum timing layers (EV-RESILIEN-12); resource (AMBER): A$2.7m seed contracts; no program of record (EV-RESILIEN-13)",Build pathway,B-band with forum/resource Ambers: the sovereign clock line needs a named AUKUS workstream and program funding before it can be traded as a contribution; demonstrator momentum (March 2026 launch) keeps the window warm.,hybrid,"Commercial LEO-PNT demonstrations (OPP-16) as the diversity layer if allied M-code access stalls (EV-RESILIEN-18, EV-RESILIEN-19).",Exit/switch: continue the quantum-clock line nationally without the AUKUS badge if no Pillar 2 PNT workstream is evidenced by the next AUKUS review point.,,,OPP-16:hedged-by: commercial LEO-PNT demonstrations are the GPS-independent diversity layer if allied M-code access stalls (second_best),C-06,EV-RESILIEN-06; EV-RESILIEN-07; EV-RESILIEN-08; EV-RESILIEN-09; EV-RESILIEN-10; EV-RESILIEN-11; EV-RESILIEN-12; EV-RESILIEN-13; EV-RESILIEN-14; EV-RESILIEN-23; EV-AUKUSLFE-14; EV-DECDSGL-21
OPP-16,Commercial LEO-PNT demonstration pathway (GPS-independent signals),technology,P-US,58,C,Medium,AMBER,"instrument (AMBER): no contract or arrangement in place; commercial contract mechanism available (EV-RESILIEN-18); forum (AMBER): no standing evaluation forum; Joint PNT Directorate is the plausible but unconfirmed owner (EV-RESILIEN-07); owners (AMBER): Australian evaluation owner not named in any source (EV-RESILIEN-07); authority (AMBER): trial funding line not evidenced (EV-RESILIEN-08); technical (AMBER): signal/receiver maturity varies by vendor; demonstration-stage systems (EV-RESILIEN-18, EV-RESILIEN-19); resource (AMBER): no identified funds; low-cost pilot plausible (EV-RESILIEN-07)",Explore,"C-band and demonstration-stage capability: a bounded evaluation is worthwhile insurance, but no acquisition case exists yet - classic Explore treatment.",commercial,"Wait for the USSF TACFI demonstration results (TrustPoint, contracted May 2026) before committing evaluation funds (EV-RESILIEN-19).",,,,OPP-15:hedges: provides GPS-independent signal diversity to the M-code/quantum layered PNT line,C-06,EV-RESILIEN-06; EV-RESILIEN-07; EV-RESILIEN-08; EV-RESILIEN-18; EV-RESILIEN-19; EV-RESILIEN-23
OPP-17,Japan defence-space upgrade: dedicated arrangement for the Space Operations Command era,institutional,P-JP,76,B,Medium,AMBER,"instrument (AMBER): no dedicated bilateral defence-space annex, arrangement or standing space dialogue publicly evidenced as of July 2026 (EV-JAPANSDA-20, ASSESSMENT); authority (AMBER): approval route for a dedicated arrangement undefined; Japan's guidelines currently name only the US bilaterally (EV-JAPANSDA-09); security (AMBER): release tiers for Japan's FY2026 SDA-satellite data undefined (EV-JAPANSDA-13); resource (AMBER): Japanese space organisation tripling while reorganising; Australian space workforce nascent (EV-JAPANSDA-10)",Build pathway,B-band value with the instrument Amber binding: the dedicated arrangement does not yet exist and Japan's policy documents name only the US - Australia must convert the 2+2 mandate into a negotiated annex before the FY2026 window normalises a US-only pattern.,bilateral,"CSpO-tier information sharing plus JCO Pacific Cell collaboration if the bilateral annex stalls (EV-JAPANSDA-04, EV-JAPANSDA-17).",Exit/switch: hold at CSpO-tier sharing plus JCO Pacific Cell (second_best) if no dedicated bilateral arrangement is scoped within the FY2026 Space Operations Command stand-up window.,,,,C-04,EV-JAPANSDA-01; EV-JAPANSDA-02; EV-JAPANSDA-03; EV-JAPANSDA-06; EV-JAPANSDA-09; EV-JAPANSDA-10; EV-JAPANSDA-12; EV-JAPANSDA-13; EV-JAPANSDA-16; EV-JAPANSDA-17; EV-JAPANSDA-20
OPP-18,Sovereign and commercial SDA layering into allied constructs (JCO/CDMC line),data,P-US,84,A,Medium,AMBER,"instrument (AMBER): JCO participation instrument recorded TO_VERIFY (VEH-MULTILATERAL-30); commercial contracts exist per-provider (EV-JAPANSDA-17); resource (AMBER): no JP9360 tranche award evidenced in 2025-26 to fund the sovereign layer at scale; EOS has shifted focus away from SDA (EV-SDAPROGR-03, EV-SDAPROGR-16)",Act now,"A-band value with the activity already in execution (CDMC operating, JCO-200 delivered September 2025, sovereign RPO demonstrated February 2026). Ask form: NOTE continued delivery; DIRECT verification of the JCO participation vehicle (VEH-MULTILATERAL-30, GL-28). The resource Amber (JP9360 tranche funding, GL-29) is subordinated to the single portfolio funding decision shared with OPP-02/OPP-03; t",hybrid,Bilateral sensor-data contracts with individual providers if JCO-construct participation terms cannot be verified (EV-SDAPROGR-15).,,"Cost: not estimated in this open-source baseline - order of magnitude TBD at custodian validation. No new-money ask is implied by the treatment label; any resource ask must be sized before decision (all A$ figures elsewhere in this record are existing program context, not asks).",VEH-MULTILATERAL-30 JCO participation instrument (GL-28) - decision condition; EV-SDAPROGR-13 PWSA-connection intent (gates the late-2026 timeline),OPP-02:competes-for-resource and hedges (conditional): claimed releasable hedge for allied-classified SDA feeds (DEP-06) - hedge value conditional on JCO participation terms verifying (VEH-MULTILATERAL-30) and an EOS-independent sensor mix (EV-SDAPROGR-16); delivery route is itself US-embedded; OPP-03:competes-for-resource: JP9360 tranche funding,C-02; C-03,EV-SDAPROGR-03; EV-SDAPROGR-13; EV-SDAPROGR-15; EV-SDAPROGR-16; EV-SDAPROGR-17; EV-SDAPROGR-18; EV-SDAPROGR-19; EV-SDAPROGR-20; EV-SDAPROGR-21; EV-JAPANSDA-16; EV-JAPANSDA-17
OPP-19,Quad IPMDA satellite RF data expansion for Pacific maritime domain awareness,data,P-QUAD,78,B,Medium,AMBER,"owners (AMBER): Australian owner for inserting sovereign space-derived data into the channel unnamed (EV-PACIFICC-21, ASSESSMENT); authority (AMBER): funding authority beyond the DFAT pilot undefined (EV-PACIFICC-15); resource (AMBER): pilot-scale funding only; expansion unfunded (EV-PACIFICC-15)",Build pathway,"B-band with resource/owners Ambers: the channel works and the Quad mandate recurs, but Australia must fund and own the expansion - a resource bid, not a negotiation, is the binding lever.",multilateral,Direct DFAT-FFA commercial data contract expansion outside Quad badging if the Quad cycle slows (EV-PACIFICC-15).,Exit/switch: expand the direct DFAT-FFA commercial contract (second_best) if Quad funding authority remains undefined beyond the pilot at the next summit cycle.,,,,C-18,EV-PACIFICC-13; EV-PACIFICC-14; EV-PACIFICC-15; EV-PACIFICC-16; EV-PACIFICC-17; EV-PACIFICC-21; EV-PACIFIC-21
OPP-20,Commercial EO assured-access layer (Maxar DAP line and sovereign sub-metre testbed),data,P-US,73,B,Medium,AMBER,"forum (AMBER): DEF799 program status unverified - no authoritative source newer than establishment (EV-EOCONTIN-20, TO_VERIFY); owners (AMBER): AGO lead recorded but current ownership TO_VERIFY (EV-EOCONTIN-20); resource (AMBER): renewal funding line not evidenced; state-level Planet contract shows demand fragmenting to states (EV-EOCONTIN-18); sovereignty (AMBER): fallback partial: sovereign sub-metre capability is a single R&D satellite (EV-EOCONTIN-19)",Build pathway,"B-band with forum/owners Ambers: the contract line works, but DEF799 program currency and the crisis-priority clause set must be verified and negotiated before this counts as assured access rather than routine procurement.",commercial,"Planet-class multi-vendor contracts (NSW state precedent, June 2024) if single-vendor concentration is judged excessive (EV-EOCONTIN-18).","Exit/switch: move to multi-vendor contracts (Planet-class, NSW precedent - second_best) if DEF799 status/ownership cannot be verified (EV-EOCONTIN-20) by DAP renewal.",,,OPP-10:hedges: commercial EO assured-access layer backs the EO continuity portfolio under partner-withdrawal and crisis scenarios (SCN-02/SCN-04),C-08,EV-EOCONTIN-02; EV-EOCONTIN-17; EV-EOCONTIN-18; EV-EOCONTIN-19; EV-EOCONTIN-20; EV-EOCONTIN-21; EV-CONVERSA-05
OPP-21,"Coalition space exercise and wargame line (Global Sentinel, Schriever, Apollo Insights)",operational,P-US,77,B,High,GREEN,None - all assessed components Green.,Quick win,"B-band value with a Green pathway and low resource demand: expand billets and bid for command/planning roles in each 2026-27 serial; the constraint to watch is Space Flag currency (Australian participation last confirmed 2019, EV-MULTILAT-18 TO_VERIFY).",multilateral,Bilateral exercise integration via Talisman Sabre space serials if multilateral billets tighten (EV-JAPANSDA-03).,,"Cost: not estimated in this open-source baseline - order of magnitude TBD at custodian validation. No new-money ask is implied by the treatment label; any resource ask must be sized before decision (all A$ figures elsewhere in this record are existing program context, not asks).",,,C-16,EV-MULTILAT-06; EV-MULTILAT-08; EV-MULTILAT-09; EV-MULTILAT-15; EV-MULTILAT-16; EV-MULTILAT-17; EV-MULTILAT-18; EV-MULTILAT-20; EV-MULTILAT-22; EV-MULTILAT-23; EV-JAPANSDA-03; EV-JAPANSDA-16
