opportunity_id,partner_id,criterion,weight,score_0to5_or_Unknown,rationale
OPP-01,P-US,priority_alignment,20,5,"5/5 x w20 = 20.0 - directly addresses high-urgency post-JP9102 gap (EV-AUINPUTS-10, EV-AUINPUTS-11)"
OPP-01,P-US,capability_maturity,15,5,5/5 x w15 = 15.0 - WGS operational since 2007-era MoU; mature constellation (EV-USSFCSPO-18)
OPP-01,P-US,mutual_benefit,15,4,"4/5 x w15 = 12.0 - validated two-way value: WGS-6 buy-in and MUOS reciprocity (EV-USSFCSPO-18, EV-USSFCSPO-19)"
OPP-01,P-US,value_proposition,15,4,4/5 x w15 = 12.0 - evidenced distinctive contribution: funding plus Indian Ocean ground/hosting (EV-USSFCSPO-19)
OPP-01,P-US,instrument_forum,10,4,4/5 x w10 = 8.0 - WGS MoU and ESC Force Posture Initiative exist with minor conditions (EV-USSFCSPO-16)
OPP-01,P-US,security_releasability,5,4,4/5 x w5 = 4.0 - required exchange runs under existing WGS arrangements (EV-USSFCSPO-18)
OPP-01,P-US,technical_interop,5,4,"4/5 x w5 = 4.0 - compatible, proven systems - ADF has operated WGS access for over a decade (EV-USSFCSPO-18)"
OPP-01,P-US,policy_compatibility,5,5,5/5 x w5 = 5.0 - actively reinforces alliance settings (EV-USSFCSPO-16)
OPP-01,P-US,time_resources,5,4,"4/5 x w5 = 4.0 - supportable within committed resources: 2026 NDS/IIP commits A$5.2-7.2bn to SATCOM and the SPA9102 narrowband RFT is live (EV-MILSATCO-11, EV-MILSATCO-12, EV-MILSATCO-07); note the IIP envelope is planned, not tranche-approved - ASPI reads only ~$590m of the $9-12bn approved through 2034 (EV-AUINPUTS-09, TO_VERIFY; AUS-IN-13)"
OPP-01,P-US,sovereignty,5,2,"2/5 x w5 = 2.0 - material dependency, fallback undefined until multi-orbit acquisition approved (EV-AUINPUTS-20)"
OPP-02,P-US,priority_alignment,20,5,5/5 x w20 = 20.0 - directly addresses high-urgency JP9360 priority (EV-AUINPUTS-12)
OPP-02,P-US,capability_maturity,15,5,"5/5 x w15 = 15.0 - SSN sensors operational at Exmouth: C-band FOC 2017, SST IOC 2022 (EV-USSFCSPO-11, EV-USSFCSPO-12)"
OPP-02,P-US,mutual_benefit,15,4,4/5 x w15 = 12.0 - clear two-way value; US relocated sensors to Australia (EV-USSFCSPO-11)
OPP-02,P-US,value_proposition,15,5,"5/5 x w15 = 15.0 - unique, partner-acknowledged contribution: the USSF Commercial Space Strategy-era strategy names Australia against DARC (one of only two partners named against a specific program, EV-USSFCSPO-04) and the US physically relocated SSN sensors to Australian soil (EV-USSFCSPO-11); southern-hemisphere indispensability assessment corroborating only (EV-RONINS20-16, ASSESSMENT)"
OPP-02,P-US,instrument_forum,10,4,"4/5 x w10 = 8.0 - 2010 Statement of Principles, 2012 MoU, ESC MOU exist (EV-RONINS20-14, EV-USSFCSPO-15) (2012 SSA MoU status TO_VERIFY - possible post-2019 USSPACECOM-era supersession, VEH-US-20)"
OPP-02,P-US,security_releasability,5,4,4/5 x w5 = 4.0 - exchange operating on approved systems for a decade (EV-USSFCSPO-11)
OPP-02,P-US,technical_interop,5,5,5/5 x w5 = 5.0 - demonstrated interoperability - RAAF operates SST in the SSN (EV-USSFCSPO-12)
OPP-02,P-US,policy_compatibility,5,5,5/5 x w5 = 5.0 - actively reinforces alliance objectives (EV-USSFCSPO-16)
OPP-02,P-US,time_resources,5,4,4/5 x w5 = 4.0 - supportable within current operations (EV-USSFCSPO-12)
OPP-02,P-US,sovereignty,5,3,3/5 x w5 = 3.0 - manageable dependency; RAAF operates sensors on Australian soil (EV-USSFCSPO-12)
OPP-02,P-JP,priority_alignment,20,4,"4/5 x w20 = 16.0 - directly addresses JP9360 data-diversity need (EV-AUINPUTS-12, EV-JAPANAU-22)"
OPP-02,P-JP,capability_maturity,15,4,"4/5 x w15 = 12.0 - SDA system operational 2023; first SDA satellite planned FY2026 (EV-JAPANAU-06, EV-JAPANAU-07)"
OPP-02,P-JP,mutual_benefit,15,4,4/5 x w15 = 12.0 - declared interest in this form: 2+2 reiterated space cooperation and unit exchanges (EV-JAPANAU-14)
OPP-02,P-JP,value_proposition,15,4,"4/5 x w15 = 12.0 - evidenced distinctive offer: southern-hemisphere tracking, shared-longitude LEO coverage (EV-JAPANAU-21)"
OPP-02,P-JP,instrument_forum,10,3,"3/5 x w10 = 6.0 - parent instruments exist (JDSC 2022, FSDC 2025) but space scope unclear (EV-JAPANAU-13, EV-JAPANAU-15)"
OPP-02,P-JP,security_releasability,5,3,3/5 x w5 = 3.0 - Information Security Agreement exists; SDA release arrangements unevidenced (EV-JAPANAU-17)
OPP-02,P-JP,technical_interop,5,3,3/5 x w5 = 3.0 - partial compatibility; study or trial required - no joint SDA trial evidenced (EV-JAPANAU-22)
OPP-02,P-JP,policy_compatibility,5,5,5/5 x w5 = 5.0 - actively reinforces treaty-level RAA and alliance-web settings (EV-JAPANAU-01)
OPP-02,P-JP,time_resources,5,3,3/5 x w5 = 3.0 - supportable with re-prioritisation; dialogue-level so far (EV-JAPANAU-14)
OPP-02,P-JP,sovereignty,5,4,"4/5 x w5 = 4.0 - acceptable; two-way data exchange, no control transfer (EV-JAPANAU-22)"
OPP-02,P-DE,priority_alignment,20,4,4/5 x w20 = 16.0 - directly addresses JP9360 data-diversity need (EV-AUINPUTS-12)
OPP-02,P-DE,capability_maturity,15,4,"4/5 x w15 = 12.0 - GESTRA/TIRA operating with GSSAC catalogue; corroborated program evidence (EV-GERMANY-06, EV-GERMANY-08)"
OPP-02,P-DE,mutual_benefit,15,4,"4/5 x w15 = 12.0 - strategy names Australia attractive partner and seeks global sensor network partners (EV-GERMANY-03, EV-GERMANY-05)"
OPP-02,P-DE,value_proposition,15,4,"4/5 x w15 = 12.0 - southern-hemisphere sites materially extend German coverage (EV-GERMANY-05, EV-RONINS20-16)"
OPP-02,P-DE,instrument_forum,10,3,"3/5 x w10 = 6.0 - parent forum (CSpO) plus the bilateral Declaration of Intent on a global space-surveillance sensor network signed 26 March 2026 and in force (VEH-GERMANY-09); scope of the implementing arrangement not yet negotiated, so route remains Amber-type"
OPP-02,P-DE,security_releasability,5,Unknown,"Unknown x w5 = excluded - Unknown - no evidence on AU-DE releasability; excluded, weights renormalised over 90/100 (EV-GERMANY-14 TO_VERIFY)"
OPP-02,P-DE,technical_interop,5,3,3/5 x w5 = 3.0 - partial compatibility; catalogue exchange needs study (EV-GERMANY-08)
OPP-02,P-DE,policy_compatibility,5,4,"4/5 x w5 = 4.0 - consistent with CSpO and rejection of destructive ASAT tests (EV-GERMANY-11, EV-GERMANY-13)"
OPP-02,P-DE,time_resources,5,Unknown,"Unknown x w5 = excluded - Unknown - no evidence of staff/schedule on either side; excluded, weights renormalised over 90/100"
OPP-02,P-DE,sovereignty,5,4,4/5 x w5 = 4.0 - acceptable; reciprocal catalogue exchange with EU/US catalogue complementarity (EV-GERMANY-08)
OPP-03,P-AUKUS,priority_alignment,20,5,"5/5 x w20 = 20.0 - directly addresses high-urgency deep-space tracking priority with sponsor endorsement (EV-AUINPUTS-12, EV-AUINPUTS-13)"
OPP-03,P-AUKUS,capability_maturity,15,4,"4/5 x w15 = 12.0 - operational-adjacent: Site 1 built ahead of schedule, full ops 2027 - corroborated program evidence (EV-USSFCSPO-14)"
OPP-03,P-AUKUS,mutual_benefit,15,4,4/5 x w15 = 12.0 - declared and validated trilateral commitment via MoU (EV-AUINPUTS-13)
OPP-03,P-AUKUS,value_proposition,15,5,5/5 x w15 = 15.0 - unique first-site geography acknowledged by partner strategy naming (EV-USSFCSPO-04)
OPP-03,P-AUKUS,instrument_forum,10,5,"5/5 x w10 = 10.0 - direct active instrument: DARC MoU, reported 22-year duration (EV-AUINPUTS-13)"
OPP-03,P-AUKUS,security_releasability,5,4,4/5 x w5 = 4.0 - exchange arrangements operating within the trilateral program (EV-USSFCSPO-14)
OPP-03,P-AUKUS,technical_interop,5,4,4/5 x w5 = 4.0 - compatible standards; single developer across sites (EV-USSFCSPO-14)
OPP-03,P-AUKUS,policy_compatibility,5,5,5/5 x w5 = 5.0 - presented as AUKUS Pillar 2 delivery - reinforces policy (EV-AUINPUTS-13)
OPP-03,P-AUKUS,time_resources,5,4,4/5 x w5 = 4.0 - construction complete; supportable within current program (EV-USSFCSPO-14)
OPP-03,P-AUKUS,sovereignty,5,3,3/5 x w5 = 3.0 - manageable dependency; sovereignty balance with JP9360 needs active management (EV-AUINPUTS-14)
OPP-04,P-JP,priority_alignment,20,4,"4/5 x w20 = 16.0 - directly addresses JP9360 cooperation need at low tier (EV-AUINPUTS-12, EV-JAPANAU-22)"
OPP-04,P-JP,capability_maturity,15,4,4/5 x w15 = 12.0 - operational SDA organisation and monitoring system since 2023 (EV-JAPANAU-06)
OPP-04,P-JP,mutual_benefit,15,4,"4/5 x w15 = 12.0 - declared/validated interest in this cooperation form with clear two-way value: 12th 2+2 space mandate reiterated 5 September 2025 and reciprocal operations-command liaison exchanges welcomed, commencing with the Australian dispatch to JJOC (EV-JAPANSDA-01, EV-JAPANSDA-02); the Japanese reciprocal leg is not yet evidenced as commenced, so the 5-anchor ('demonstrated reciprocal co"
OPP-04,P-JP,value_proposition,15,3,3/5 x w15 = 9.0 - credible contribution: southern-hemisphere perspective and CSpO operational experience (EV-JAPANAU-21)
OPP-04,P-JP,instrument_forum,10,4,"4/5 x w10 = 8.0 - suitable forums active: 2+2, CSpO, symposium track (EV-JAPANAU-14, EV-JAPANAU-16)"
OPP-04,P-JP,security_releasability,5,3,"3/5 x w5 = 3.0 - partial release possible: ISA in place, scope limited to shareable tiers (EV-JAPANAU-17)"
OPP-04,P-JP,technical_interop,5,3,3/5 x w5 = 3.0 - exchange-level activity needs no system integration (EV-JAPANAU-14)
OPP-04,P-JP,policy_compatibility,5,5,"5/5 x w5 = 5.0 - actively reinforces RAA/JDSC trajectory (EV-JAPANAU-01, EV-JAPANAU-13)"
OPP-04,P-JP,time_resources,5,4,"4/5 x w5 = 4.0 - low resource demand, supportable now (EV-JAPANAU-14)"
OPP-04,P-JP,sovereignty,5,4,4/5 x w5 = 4.0 - no dependency created by reciprocal exchanges (EV-JAPANAU-22)
OPP-05,P-JP,priority_alignment,20,4,4/5 x w20 = 16.0 - directly addresses the resilient-PNT priority (EV-AUINPUTS-15)
OPP-05,P-JP,capability_maturity,15,4,4/5 x w15 = 12.0 - QZSS operational with regional ground segment including Canberra (EV-JAPANAU-04)
OPP-05,P-JP,mutual_benefit,15,3,3/5 x w15 = 9.0 - declared interest in the general area: 2020 EWS trial ran with Australian agencies (EV-JAPANAU-05)
OPP-05,P-JP,value_proposition,15,4,"4/5 x w15 = 12.0 - evidenced hosting contribution: monitoring station and trial participation (EV-JAPANAU-04, EV-JAPANAU-05)"
OPP-05,P-JP,instrument_forum,10,3,3/5 x w10 = 6.0 - civil arrangements exist but defence scope unclear (EV-JAPANAU-05)
OPP-05,P-JP,security_releasability,5,3,3/5 x w5 = 3.0 - partial exchange under civil arrangements; defence release untested (EV-JAPANAU-17)
OPP-05,P-JP,technical_interop,5,3,3/5 x w5 = 3.0 - partial compatibility; augmentation integration needs study (EV-JAPANAU-05)
OPP-05,P-JP,policy_compatibility,5,4,4/5 x w5 = 4.0 - consistent with strategy; coordination with civil agencies required (EV-JAPANAU-13)
OPP-05,P-JP,time_resources,5,3,3/5 x w5 = 3.0 - supportable with re-prioritisation by the new JPD (EV-AUINPUTS-15)
OPP-05,P-JP,sovereignty,5,3,3/5 x w5 = 3.0 - manageable: QZSS is foreign-owned but adds diversity to sole GPS reliance (EV-CONVERSA-08)
OPP-06,P-IN,priority_alignment,20,4,4/5 x w20 = 16.0 - directly addresses the geography value-proposition input (AUS-IN-24; EV-QUADINDI-22)
OPP-06,P-IN,capability_maturity,15,3,3/5 x w15 = 9.0 - ISRO civil capability demonstrated; defence-space cooperation immature - no defence-space program evidence (EV-QUADINDI-23)
OPP-06,P-IN,mutual_benefit,15,4,4/5 x w15 = 12.0 - declared interest in this form: leaders welcomed Cocos terminal and deeper ISRO-ASA collaboration (EV-QUADINDI-08)
OPP-06,P-IN,value_proposition,15,5,"5/5 x w15 = 15.0 - unique, partner-acknowledged Indian Ocean contribution - Cocos TT&C, crew recovery (EV-QUADINDI-07, EV-QUADINDI-06)"
OPP-06,P-IN,instrument_forum,10,3,"3/5 x w10 = 6.0 - parent instruments exist (2026 Joint Declaration, ISRO-ASA IA) but defence-space scope unclear (EV-QUADINDI-09, EV-QUADINDI-06)"
OPP-06,P-IN,security_releasability,5,2,2/5 x w5 = 2.0 - limited exchange: no defence information-security arrangement evidenced for space data (EV-QUADINDI-09)
OPP-06,P-IN,technical_interop,5,3,3/5 x w5 = 3.0 - TT&C interoperability proven at Cocos; defence-grade interfaces unstudied (EV-PACIFIC-18)
OPP-06,P-IN,policy_compatibility,5,4,4/5 x w5 = 4.0 - consistent with the Joint Declaration trajectory; coordination required (EV-QUADINDI-09)
OPP-06,P-IN,time_resources,5,3,3/5 x w5 = 3.0 - supportable: Nova Systems delivery model proven at modest cost (EV-PACIFIC-18)
OPP-06,P-IN,sovereignty,5,4,4/5 x w5 = 4.0 - hosting on Australian territory retains control (EV-QUADINDI-07)
OPP-07,P-US,priority_alignment,20,5,"5/5 x w20 = 20.0 - directly addresses the high-urgency Force Design window input (EV-USSFCSPO-02, EV-USSFCSPO-20)"
OPP-07,P-US,capability_maturity,15,5,"5/5 x w15 = 15.0 - USSF Force Design process operating and documented (EV-USSFCSPO-02, EV-USSFCSPO-03)"
OPP-07,P-US,mutual_benefit,15,5,"5/5 x w15 = 15.0 - partner-validated intent plus reciprocal commitment: IPS invitation, ACSO/FCP role, June 2026 SoI (EV-USSFCSPO-03, EV-USSFCSPO-05, EV-USSFCSPO-17)"
OPP-07,P-US,value_proposition,15,4,"4/5 x w15 = 12.0 - evidenced distinctive contribution: DARC named equity, OOD/SST/C-band record (EV-USSFCSPO-04, EV-USSFCSPO-20)"
OPP-07,P-US,instrument_forum,10,5,"5/5 x w10 = 10.0 - direct, active instrument and forum: USSF-Australian Space Command Statement of Intent signed 3 June 2026 (VEH-US-25, EV-USSFFORC-12) atop the 2023 Enhanced Space Cooperation MoU (VEH-US-24) and the ACSO/FCP channel"
OPP-07,P-US,security_releasability,5,Unknown,"Unknown x w5 = excluded - Unknown - releasability of Force Design material to Australia unevidenced; excluded, weights renormalised over 95/100"
OPP-07,P-US,technical_interop,5,3,3/5 x w5 = 3.0 - taxonomy/requirements work is low-integration; trial needed for more (EV-USSFCSPO-03)
OPP-07,P-US,policy_compatibility,5,5,5/5 x w5 = 5.0 - actively reinforces alliance objectives (EV-USSFCSPO-16)
OPP-07,P-US,time_resources,5,4,4/5 x w5 = 4.0 - live window 2025-26; supportable within current engagement (EV-USSFCSPO-20)
OPP-07,P-US,sovereignty,5,3,3/5 x w5 = 3.0 - deep integration is a deliberate dependency choice needing fallback framing (EV-RONINS20-19)
OPP-08,P-US,priority_alignment,20,3,"3/5 x w20 = 12.0 - addresses access-to-space input partially - launch omitted from NDS/IIP so Defence authority is weak (EV-AUINPUTS-19, EV-AUINPUTS-17)"
OPP-08,P-US,capability_maturity,15,5,"5/5 x w15 = 15.0 - US launch industry operational, mature and improving (EV-AUKUSLFE-17)"
OPP-08,P-US,mutual_benefit,15,3,"3/5 x w15 = 9.0 - declared general interest: TSA concluded; demand projections are TO_VERIFY (EV-AUKUSLFE-16, EV-AUKUSLFE-20)"
OPP-08,P-US,value_proposition,15,5,5/5 x w15 = 15.0 - unique geography for multi-orbit launch and return acknowledged in open analysis (EV-USSCSPAC-02)
OPP-08,P-US,instrument_forum,10,4,4/5 x w10 = 8.0 - suitable instrument in force: treaty-level TSA since 23 July 2024 (EV-AUKUSLFE-17)
OPP-08,P-US,security_releasability,5,1,"1/5 x w5 = 1.0 - new arrangements would be required for any technology exchange: MTCR SLV items excluded from AUKUS exemption; segregated areas exclude Australian personnel (EV-AUKUSLFE-05, EV-AUKUSLFE-18)"
OPP-08,P-US,technical_interop,5,3,3/5 x w5 = 3.0 - partial compatibility; range/licensing processes exist but untested with US vehicles (EV-AUKUSLFE-17)
OPP-08,P-US,policy_compatibility,5,4,4/5 x w5 = 4.0 - consistent with alliance settings (EV-AUKUSLFE-16)
OPP-08,P-US,time_resources,5,3,3/5 x w5 = 3.0 - supportable with re-prioritisation; no launch campaign contracted yet (EV-AUKUSLFE-20)
OPP-08,P-US,sovereignty,5,2,"2/5 x w5 = 2.0 - material constraint: US retains control of vehicles and tech on Australian soil; spillover limited (EV-AUKUSLFE-18, EV-AUKUSLFE-21)"
OPP-08,P-DE,priority_alignment,20,3,3/5 x w20 = 12.0 - addresses access-to-space input partially (EV-AUINPUTS-17)
OPP-08,P-DE,capability_maturity,15,2,"2/5 x w15 = 6.0 - in development: HyImpulse suborbital success; RFA yet to fly orbitally (EV-GERMANY-16, EV-GERMANY-17)"
OPP-08,P-DE,mutual_benefit,15,3,"3/5 x w15 = 9.0 - declared interest: signed launch agreements and DLR ReFEx manifest (EV-GERMANY-15, EV-GERMANY-18)"
OPP-08,P-DE,value_proposition,15,4,4/5 x w15 = 12.0 - evidenced distinctive contribution: SSO/polar geometry and permissive ranges (EV-GERMANY-15)
OPP-08,P-DE,instrument_forum,10,3,3/5 x w10 = 6.0 - commercial contracts exist; scope narrow (EV-GERMANY-15)
OPP-08,P-DE,security_releasability,5,2,"2/5 x w5 = 2.0 - limited exchange: DEC permits required both ways; Germany not on the reported foreign-country whitelist (EV-DECDSGL-21, EV-DECDSGL-18)"
OPP-08,P-DE,technical_interop,5,3,3/5 x w5 = 3.0 - partial compatibility demonstrated at Koonibba (EV-GERMANY-17)
OPP-08,P-DE,policy_compatibility,5,4,4/5 x w5 = 4.0 - consistent; no policy friction evidenced (EV-GERMANY-13)
OPP-08,P-DE,time_resources,5,2,"2/5 x w5 = 2.0 - severe schedule risk: RFA concentrated at SaxaVord, Whalers Way dormant (EV-GERMANY-16)"
OPP-08,P-DE,sovereignty,5,3,3/5 x w5 = 3.0 - manageable; commercial hosting with Australian regulatory control (EV-GERMANY-17)
OPP-09,P-CSPO,priority_alignment,20,4,4/5 x w20 = 16.0 - directly addresses the IIP space-control priority (EV-AUINPUTS-08)
OPP-09,P-CSPO,capability_maturity,15,4,"4/5 x w15 = 12.0 - operational and corroborated: MNF-OOD declared IOC 8 April 2025 with a signed seven-nation campaign plan and executed Operation Selene in spring 2026 (EV-MULTILAT-02, EV-MULTILAT-19); the 5-anchor ('mature, resilient, improving') is not yet met - orbital-warfare CONOPS only expected complete end-2026 and releasability differentials persist (GL-17)"
OPP-09,P-CSPO,mutual_benefit,15,4,4/5 x w15 = 12.0 - declared interest in this form: Principals committed to redouble MNF-OOD efforts (EV-USSFCSPO-09)
OPP-09,P-CSPO,value_proposition,15,3,3/5 x w15 = 9.0 - credible contribution: Op Dyurra integration and Exmouth sensor data (EV-USSFCSPO-10)
OPP-09,P-CSPO,instrument_forum,10,4,4/5 x w10 = 8.0 - suitable instrument and forum: CSpO with active Principals' Board (EV-USSFCSPO-09)
OPP-09,P-CSPO,security_releasability,5,3,3/5 x w5 = 3.0 - partial release under multinational conditions; ten-nation differentials (EV-JAPANAU-12)
OPP-09,P-CSPO,technical_interop,5,3,3/5 x w5 = 3.0 - partial compatibility; combined C2 interfaces not evidenced in detail (EV-USSFCSPO-09)
OPP-09,P-CSPO,policy_compatibility,5,5,"5/5 x w5 = 5.0 - actively reinforces CSpO Vision 2031 objectives (EV-USSFCSPO-06, EV-USSFCSPO-07)"
OPP-09,P-CSPO,time_resources,5,3,3/5 x w5 = 3.0 - supportable with re-prioritisation of a small workforce (EV-USSFCSPO-17)
OPP-09,P-CSPO,sovereignty,5,3,3/5 x w5 = 3.0 - manageable; multinational framework with national caveats (EV-USSFCSPO-10)
OPP-10,P-JP,priority_alignment,20,5,5/5 x w20 = 20.0 - directly addresses a high-urgency authoritative dependency - BoM critical reliance (EV-CONVERSA-02)
OPP-10,P-JP,capability_maturity,15,5,"5/5 x w15 = 15.0 - operational, mature, improving: Himawari with 2.5-minute imagery commitment (EV-CONVERSA-03)"
OPP-10,P-JP,mutual_benefit,15,5,5/5 x w15 = 15.0 - partner-validated reciprocity: strategic arrangement signed 11 Nov 2024 (EV-CONVERSA-03)
OPP-10,P-JP,value_proposition,15,4,4/5 x w15 = 12.0 - evidenced distinctive contribution: Australia's largest-ever met-satellite contribution via Himawari-10 (EV-CONVERSA-03)
OPP-10,P-JP,instrument_forum,10,5,"5/5 x w10 = 10.0 - direct active instrument with demonstrated throughput: BoM-JMA arrangement, ALOS node (EV-CONVERSA-03, EV-JAPANAU-20)"
OPP-10,P-JP,security_releasability,5,4,4/5 x w5 = 4.0 - civil data exchange operating for years (EV-JAPANAU-20)
OPP-10,P-JP,technical_interop,5,4,4/5 x w5 = 4.0 - compatible; 30+ satellite data streams already ingested (EV-CONVERSA-04)
OPP-10,P-JP,policy_compatibility,5,5,5/5 x w5 = 5.0 - actively reinforces the bilateral trajectory (EV-JAPANAU-13)
OPP-10,P-JP,time_resources,5,3,"3/5 x w5 = 3.0 - funded via the arrangement but Himawari-10 development is delayed and the ALOS-4 access channel is unresolved (EV-EOCONTIN-14, EV-EOCONTIN-15, EV-EOCONTIN-21)"
OPP-10,P-JP,sovereignty,5,3,3/5 x w5 = 3.0 - manageable dependency but no sovereign fallback before early 2030s (EV-CONVERSA-20)
OPP-10,P-US,priority_alignment,20,4,4/5 x w20 = 16.0 - directly addresses EO continuity input (EV-CONVERSA-11)
OPP-10,P-US,capability_maturity,15,2,"2/5 x w15 = 6.0 - in development with significant constraints: the FY2026 US budget request funds no Landsat Next as designed, and restructured requirements disseminated 15 August 2025 descope the mission to a single satellite (EV-EOCONTIN-08, EV-EOCONTIN-09 TO_VERIFY)"
OPP-10,P-US,mutual_benefit,15,4,4/5 x w15 = 12.0 - validated interest: Australia holds core-partner status (EV-USSCSPAC-18)
OPP-10,P-US,value_proposition,15,4,"4/5 x w15 = 12.0 - evidenced distinctive contribution: A$448.7m, Alice Springs station, analytics (EV-USSCSPAC-18)"
OPP-10,P-US,instrument_forum,10,4,4/5 x w10 = 8.0 - partnership commitment and budget line exist (EV-CONVERSA-18)
OPP-10,P-US,security_releasability,5,4,4/5 x w5 = 4.0 - open civil data policy; exchange unproblematic (EV-CONVERSA-18)
OPP-10,P-US,technical_interop,5,4,4/5 x w5 = 4.0 - compatible: 35+ years of Landsat ingestion heritage (EV-CONVERSA-18)
OPP-10,P-US,policy_compatibility,5,5,5/5 x w5 = 5.0 - reinforces alliance and open-data policy (EV-USSCSPAC-18)
OPP-10,P-US,time_resources,5,2,2/5 x w5 = 2.0 - US budget debates put the schedule at risk (EV-USSCSPAC-19)
OPP-10,P-US,sovereignty,5,3,3/5 x w5 = 3.0 - dependency on US program decisions; ground-segment stake is partial mitigation (EV-USSCSPAC-19)
OPP-10,P-QUAD,priority_alignment,20,3,"3/5 x w20 = 12.0 - addresses EO continuity indirectly - gateway links, not data hosting (EV-QUADINDI-02 corrected)"
OPP-10,P-QUAD,capability_maturity,15,3,3/5 x w15 = 9.0 - demonstrated but partial: workshops and portal delivered; scale limited (EV-QUADINDI-03)
OPP-10,P-QUAD,mutual_benefit,15,4,4/5 x w15 = 12.0 - declared interest in this form at leaders' level 2024 (EV-QUADINDI-05)
OPP-10,P-QUAD,value_proposition,15,3,3/5 x w15 = 9.0 - credible contribution: Australian EO resources and delivery capacity (EV-QUADINDI-05)
OPP-10,P-QUAD,instrument_forum,10,3,3/5 x w10 = 6.0 - working-group route exists; scope civil and non-binding (EV-QUADINDI-01)
OPP-10,P-QUAD,security_releasability,5,3,3/5 x w5 = 3.0 - civil unclassified sharing only (EV-QUADINDI-23)
OPP-10,P-QUAD,technical_interop,5,3,3/5 x w5 = 3.0 - gateway model needs no deep integration (EV-QUADINDI-02)
OPP-10,P-QUAD,policy_compatibility,5,4,4/5 x w5 = 4.0 - consistent with regional policy settings (EV-QUADINDI-05)
OPP-10,P-QUAD,time_resources,5,3,3/5 x w5 = 3.0 - supportable within existing programs (EV-QUADINDI-03)
OPP-10,P-QUAD,sovereignty,5,4,4/5 x w5 = 4.0 - enhances diversity of channels; no new dependency (EV-QUADINDI-02)
OPP-11,P-PIF,priority_alignment,20,3,3/5 x w20 = 12.0 - addresses the Pacific assistance priority partially - civil connectivity first (EV-PACIFIC-21)
OPP-11,P-PIF,capability_maturity,15,2,"2/5 x w15 = 6.0 - PIF is a framework owner, not a capability owner; delivery depends on operators (EV-PACIFIC-06)"
OPP-11,P-PIF,mutual_benefit,15,4,"4/5 x w15 = 12.0 - declared regional interest: Boe cybersecurity element, 2050 connectivity ambition, ICT ministerial mechanisms (EV-PACIFIC-02, EV-PACIFIC-05)"
OPP-11,P-PIF,value_proposition,15,4,"4/5 x w15 = 12.0 - evidenced Australian contribution: CCRC, South Pacific Connect co-funding, LEO research (EV-PACIFIC-07)"
OPP-11,P-PIF,instrument_forum,10,3,"3/5 x w10 = 6.0 - parent frameworks exist but no space-specific mechanism (EV-PACIFIC-03, EV-PACIFIC-05)"
OPP-11,P-PIF,security_releasability,5,3,3/5 x w5 = 3.0 - civil unclassified cooperation (EV-PACIFIC-04)
OPP-11,P-PIF,technical_interop,5,Unknown,"Unknown x w5 = excluded - Unknown - LEO service integration parameters unassessed; excluded, weights renormalised over 95/100 (EV-PACIFIC-06)"
OPP-11,P-PIF,policy_compatibility,5,5,5/5 x w5 = 5.0 - actively reinforces Pacific-defined priorities framing (EV-PACIFIC-21)
OPP-11,P-PIF,time_resources,5,3,3/5 x w5 = 3.0 - supportable via existing funding channels (EV-PACIFIC-07)
OPP-11,P-PIF,sovereignty,5,4,4/5 x w5 = 4.0 - acceptable; strengthens regional resilience against single-cable dependency (EV-PACIFIC-06)
OPP-12,P-IN,priority_alignment,20,3,3/5 x w20 = 12.0 - addresses the civil debris/SSA priority area partially (EV-AUINPUTS-17)
OPP-12,P-IN,capability_maturity,15,4,4/5 x w15 = 12.0 - ISRO/NSIL launch services operational and corroborated (EV-QUADINDI-12)
OPP-12,P-IN,mutual_benefit,15,4,4/5 x w15 = 12.0 - declared interest in this form: first dedicated AU-India launch agreement with A$8.5m government funding (EV-QUADINDI-12)
OPP-12,P-IN,value_proposition,15,4,4/5 x w15 = 12.0 - evidenced distinctive contribution: largest Australian-built spacecraft to date (EV-QUADINDI-12)
OPP-12,P-IN,instrument_forum,10,3,"3/5 x w10 = 6.0 - commercial contract plus ISRO-ASA umbrella; follow-on scope unclear (EV-QUADINDI-12, EV-QUADINDI-06)"
OPP-12,P-IN,security_releasability,5,2,2/5 x w5 = 2.0 - limited exchange: DEC permits required - India outside licence-free environment (EV-DECDSGL-21)
OPP-12,P-IN,technical_interop,5,3,3/5 x w5 = 3.0 - partial compatibility; first mission not yet flown (EV-QUADINDI-12)
OPP-12,P-IN,policy_compatibility,5,4,4/5 x w5 = 4.0 - consistent with the 2026 leader-level trajectory (EV-QUADINDI-08)
OPP-12,P-IN,time_resources,5,3,3/5 x w5 = 3.0 - supportable; modest scale (EV-QUADINDI-12)
OPP-12,P-IN,sovereignty,5,4,"4/5 x w5 = 4.0 - acceptable; commercial, revocable (EV-QUADINDI-12)"
OPP-13,P-AE,priority_alignment,20,2,2/5 x w20 = 8.0 - addresses low-urgency partner-diversification input indirectly (EV-UAE-22)
OPP-13,P-AE,capability_maturity,15,4,"4/5 x w15 = 12.0 - operational, corroborated capability: MBZ-SAT, Hope, Gateway airlock role (EV-UAE-07, EV-UAE-08, EV-UAE-10)"
OPP-13,P-AE,mutual_benefit,15,3,"3/5 x w15 = 9.0 - two-way value plausible; declared interest general - no UAE statement on Australia cooperation (EV-UAE-05, EV-UAE-01)"
OPP-13,P-AE,value_proposition,15,3,"3/5 x w15 = 9.0 - credible contribution: Artemis co-founder standing and standards expertise (EV-UAE-12, EV-UAE-23)"
OPP-13,P-AE,instrument_forum,10,2,"2/5 x w10 = 4.0 - distant parent instrument only: 2019 civil MoU, non-binding, with a Joint Steering Committee (EV-UAE-01, EV-UAE-02)"
OPP-13,P-AE,security_releasability,5,2,"2/5 x w5 = 2.0 - limited low-side exchange only; no AU-UAE security arrangements - A:5 eases the US-content layer, not the bilateral one (EV-UAE-14, EV-UAE-21)"
OPP-13,P-AE,technical_interop,5,Unknown,"Unknown x w5 = excluded - Unknown - no technical interface evidence; excluded, weights renormalised over 95/100"
OPP-13,P-AE,policy_compatibility,5,3,"3/5 x w5 = 3.0 - broadly consistent: shared Artemis and US-perimeter alignment (EV-UAE-12, EV-UAE-22)"
OPP-13,P-AE,time_resources,5,3,3/5 x w5 = 3.0 - supportable at trivial cost via standards participation (EV-UAE-23)
OPP-13,P-AE,sovereignty,5,3,3/5 x w5 = 3.0 - manageable; standards engagement creates no dependency (EV-UAE-23)
OPP-14,P-US,priority_alignment,20,5,"5/5 x w20 = 20.0 - directly addresses the highest-urgency post-JP9102 gap with a live procurement (EV-MILSATCO-05, EV-MILSATCO-07)"
OPP-14,P-US,capability_maturity,15,5,"5/5 x w15 = 15.0 - UHF GEO is a mature allied capability class: MUOS reciprocity heritage and the IS-22 hosted payload operating for the ADF and coalition partners (EV-MILSATCO-13, EV-MILSATCO-17)"
OPP-14,P-US,mutual_benefit,15,3,"3/5 x w15 = 9.0 - credible two-way value (coalition UHF capacity is scarce in the Indo-Pacific per SES) but the acquisition is sovereign, making the US role supporting rather than reciprocal (EV-MILSATCO-14)"
OPP-14,P-US,value_proposition,15,4,"4/5 x w15 = 12.0 - evidenced distinctive contribution: Australian orbital slot, ground segment (new UHF antenna facility from 2026) and coalition access in a capacity-scarce band (EV-MILSATCO-14, EV-MILSATCO-22)"
OPP-14,P-US,instrument_forum,10,4,4/5 x w10 = 8.0 - WGS MoU and Enhanced Space Cooperation provide the interoperability instruments with minor conditions (EV-MILSATCO-17)
OPP-14,P-US,security_releasability,5,4,4/5 x w5 = 4.0 - UHF interoperability exchange proven under existing arrangements (EV-MILSATCO-13)
OPP-14,P-US,technical_interop,5,5,5/5 x w5 = 5.0 - demonstrated in operations: ADF UHF services already delivered to coalition users via IS-22 (EV-MILSATCO-13)
OPP-14,P-US,policy_compatibility,5,5,5/5 x w5 = 5.0 - actively reinforces the NDS multi-orbit direction (EV-MILSATCO-11)
OPP-14,P-US,time_resources,5,5,"5/5 x w5 = 5.0 - resourced, scheduled and timely for a live window: RFT announced 10 July 2026 with ~3-month response (EV-MILSATCO-07, FACT/High); close date 19 August 2026 TO_VERIFY (EV-MILSATCO-09); note the IIP SATCOM envelope is planned, not tranche-approved - ASPI reads only ~$590m of the $9-12bn approved through 2034 (EV-AUINPUTS-09, TO_VERIFY; AUS-IN-13)"
OPP-14,P-US,sovereignty,5,4,"4/5 x w5 = 4.0 - acceptable: sovereign bird with defined fallback (IS-22 to at least 2033, options to 2041) (EV-MILSATCO-13, EV-MILSATCO-14)"
OPP-15,P-US,priority_alignment,20,5,5/5 x w20 = 20.0 - directly addresses the high-urgency assured-PNT operational need under demonstrated GNSS-denial threat (EV-RESILIEN-06)
OPP-15,P-US,capability_maturity,15,5,"5/5 x w15 = 15.0 - operational, mature, improving: GPS III constellation complete 21 April 2026, all ten vehicles broadcasting M-code; 100,000+ MGUE receivers delivered (EV-RESILIEN-10, EV-RESILIEN-11)"
OPP-15,P-US,mutual_benefit,15,3,3/5 x w15 = 9.0 - declared interest in the general area only: Australia expressed intent to join the MGUE Project Arrangement in 2021 with no later confirmation (EV-RESILIEN-09)
OPP-15,P-US,value_proposition,15,3,"3/5 x w15 = 9.0 - credible contribution: southern-hemisphere test ranges (Tindal/Delamere GPS-denial venues) and quantum-clock R&D (EV-RESILIEN-07, EV-RESILIEN-12)"
OPP-15,P-US,instrument_forum,10,3,3/5 x w10 = 6.0 - parent Project Arrangement exists but Australian accession status is unconfirmed (EV-RESILIEN-09)
OPP-15,P-US,security_releasability,5,Unknown,"Unknown x w5 = excluded - M-code releasability/fielding status for Australia unevidenced in open sources; excluded, weights renormalised over 95/100 (EV-RESILIEN-09)"
OPP-15,P-US,technical_interop,5,4,4/5 x w5 = 4.0 - compatible standards: allied receiver base at scale (EV-RESILIEN-11)
OPP-15,P-US,policy_compatibility,5,5,5/5 x w5 = 5.0 - reinforces alliance settings and the multi-layered ADF PNT approach (EV-RESILIEN-06)
OPP-15,P-US,time_resources,5,3,3/5 x w5 = 3.0 - supportable with re-prioritisation: JP9380 Phase 1 still establishing the Navigation Warfare Centre (EV-RESILIEN-08)
OPP-15,P-US,sovereignty,5,2,"2/5 x w5 = 2.0 - deepens dependency on a US-owned system; fallback layers not yet fielded (EV-RESILIEN-05, EV-RESILIEN-23)"
OPP-15,P-AUKUS,priority_alignment,20,4,4/5 x w20 = 16.0 - directly addresses the assured-PNT need through the sovereign timing layer (EV-RESILIEN-12)
OPP-15,P-AUKUS,capability_maturity,15,3,3/5 x w15 = 9.0 - demonstrated but partial: TEMPO.Space optical frequency comb launched 30 March 2026; full clock yet to fly (EV-RESILIEN-14)
OPP-15,P-AUKUS,mutual_benefit,15,4,4/5 x w15 = 12.0 - declared interest in this form: QuantX contracts framed expressly as enabling AUKUS partners' PNT development (EV-RESILIEN-13)
OPP-15,P-AUKUS,value_proposition,15,4,"4/5 x w15 = 12.0 - evidenced distinctive contribution: Australian-built optical atomic clocks and DSTG quantum-PNT program with CSIRO/ANU/UWA (EV-RESILIEN-12, EV-RESILIEN-14)"
OPP-15,P-AUKUS,instrument_forum,10,4,4/5 x w10 = 8.0 - AUKUS licence-free environment operative for the technology class (EV-AUKUSLFE-14)
OPP-15,P-AUKUS,security_releasability,5,4,4/5 x w5 = 4.0 - licence-free movement among AU/UK/US for most DSGL space technology (EV-DECDSGL-21)
OPP-15,P-AUKUS,technical_interop,5,3,3/5 x w5 = 3.0 - integration into allied PNT architectures requires study and trial (EV-RESILIEN-12)
OPP-15,P-AUKUS,policy_compatibility,5,5,5/5 x w5 = 5.0 - reinforces AUKUS Pillar 2 advanced-capabilities intent (EV-RESILIEN-13)
OPP-15,P-AUKUS,time_resources,5,3,3/5 x w5 = 3.0 - supportable with re-prioritisation; seed contracts only (A$2.7m) (EV-RESILIEN-13)
OPP-15,P-AUKUS,sovereignty,5,5,"5/5 x w5 = 5.0 - enhances sovereign control: Australian-owned timing reduces GNSS dependency (EV-RESILIEN-12, EV-RESILIEN-14)"
OPP-16,P-US,priority_alignment,20,4,4/5 x w20 = 16.0 - directly addresses the assured-PNT input via a diversity layer (EV-RESILIEN-23)
OPP-16,P-US,capability_maturity,15,2,"2/5 x w15 = 6.0 - in development: Pulsar-0 demonstrator has operated over a year; TrustPoint demonstration contracted, not delivered (EV-RESILIEN-18, EV-RESILIEN-19)"
OPP-16,P-US,mutual_benefit,15,2,2/5 x w15 = 6.0 - inferred interest only: vendor receiver-tracking campaigns span four continents but no Australian government arrangement is evidenced (EV-RESILIEN-18)
OPP-16,P-US,value_proposition,15,3,3/5 x w15 = 9.0 - credible contribution: southern-hemisphere ground stations and GPS-denial test ranges (EV-RESILIEN-07)
OPP-16,P-US,instrument_forum,10,2,2/5 x w10 = 4.0 - no instrument; a commercial evaluation contract would need creating (EV-RESILIEN-18)
OPP-16,P-US,security_releasability,5,4,4/5 x w5 = 4.0 - commercial unclassified signals and receivers (EV-RESILIEN-18)
OPP-16,P-US,technical_interop,5,3,3/5 x w5 = 3.0 - receiver trials required; a dozen-plus vendor receivers already track Pulsar signals (EV-RESILIEN-18)
OPP-16,P-US,policy_compatibility,5,4,4/5 x w5 = 4.0 - consistent with the multi-layered PNT strategy (EV-RESILIEN-06)
OPP-16,P-US,time_resources,5,3,3/5 x w5 = 3.0 - supportable as a small trial within Directorate priorities (EV-RESILIEN-07)
OPP-16,P-US,sovereignty,5,3,3/5 x w5 = 3.0 - adds diversity against GNSS-class dependency but creates a new pre-revenue vendor dependency (EV-RESILIEN-19)
OPP-17,P-JP,priority_alignment,20,4,4/5 x w20 = 16.0 - directly addresses SDA data diversity (AUS-IN-14) and the alliance-network priority (EV-JAPANSDA-01)
OPP-17,P-JP,capability_maturity,15,4,"4/5 x w15 = 12.0 - operational and corroborated: Space Operations Wing at 670 personnel, first SDA satellite planned FY2026, national SSA architecture operating (EV-JAPANSDA-10, EV-JAPANSDA-12, EV-JAPANSDA-13)"
OPP-17,P-JP,mutual_benefit,15,4,"4/5 x w15 = 12.0 - declared interest in this cooperation form: 2+2 space mandate plus commencing reciprocal operations-command liaison exchanges (EV-JAPANSDA-01, EV-JAPANSDA-02)"
OPP-17,P-JP,value_proposition,15,4,"4/5 x w15 = 12.0 - evidenced distinctive contribution: southern-hemisphere sensing, JCO-200 training exports (first international course delivered to partners September 2025) and MNF-OOD experience Japan lacks (EV-JAPANSDA-16, EV-JAPANSDA-06)"
OPP-17,P-JP,instrument_forum,10,3,"3/5 x w10 = 6.0 - parent instruments exist (RAA, ISA, FSDC) but no dedicated defence-space arrangement; Japan's own guidelines name only the US and multilateral frameworks (EV-JAPANSDA-09, EV-JAPANSDA-20)"
OPP-17,P-JP,security_releasability,5,3,3/5 x w5 = 3.0 - partial release under the 2012 ISA; SDA-satellite data tiers undefined (EV-JAPANSDA-09)
OPP-17,P-JP,technical_interop,5,3,3/5 x w5 = 3.0 - partial compatibility via the shared JCO construct; national-system interfaces unproven (EV-JAPANSDA-17)
OPP-17,P-JP,policy_compatibility,5,5,5/5 x w5 = 5.0 - actively reinforces the FSDC and leaders'-statement trajectory (EV-JAPANSDA-01)
OPP-17,P-JP,time_resources,5,3,3/5 x w5 = 3.0 - supportable with re-prioritisation; both space workforces are in build/reorganisation (EV-JAPANSDA-10)
OPP-17,P-JP,sovereignty,5,4,"4/5 x w5 = 4.0 - reciprocal exchange, no control transfer (EV-JAPANSDA-02)"
OPP-18,P-US,priority_alignment,20,5,"5/5 x w20 = 20.0 - directly addresses the high-urgency JP9360 SDA need and the sovereign-balance priority (AUS-IN-14, AUS-IN-17) (EV-SDAPROGR-21)"
OPP-18,P-US,capability_maturity,15,4,"4/5 x w15 = 12.0 - operational and corroborated: JCO construct running, CDMC delivering the international JCO-200 course, commercial sensors commissioned (EV-JAPANSDA-16, EV-SDAPROGR-15)"
OPP-18,P-US,mutual_benefit,15,4,"4/5 x w15 = 12.0 - declared/validated interest in this cooperation form: the US-led JCO construct actively integrates Australian participation via the 1SSU Commercial Data Mission Centre (EV-JAPANSDA-17); the reported USSF intent to connect Australian sensors to PWSA by late 2026 is held in the confidence_note only pending verification (EV-SDAPROGR-13, TO_VERIFY)"
OPP-18,P-US,value_proposition,15,4,"4/5 x w15 = 12.0 - evidenced distinctive contribution: Southern Hemisphere commercial radar pairing (WA + NZ), sovereign sub-metre NEI testbed and RPO demonstration (EV-SDAPROGR-15, EV-SDAPROGR-18, EV-SDAPROGR-19)"
OPP-18,P-US,instrument_forum,10,4,4/5 x w10 = 8.0 - JCO participation and CSpO exist with minor conditions (EV-JAPANSDA-17)
OPP-18,P-US,security_releasability,5,3,3/5 x w5 = 3.0 - commercial-unclassified tier by design; higher tiers remain allied-controlled (EV-JAPANSDA-16)
OPP-18,P-US,technical_interop,5,4,4/5 x w5 = 4.0 - JCO interfaces operating with Australian analysts qualified (EV-JAPANSDA-16)
OPP-18,P-US,policy_compatibility,5,5,5/5 x w5 = 5.0 - reinforces both alliance integration and sovereign-capability policy lines (EV-SDAPROGR-21)
OPP-18,P-US,time_resources,5,4,4/5 x w5 = 4.0 - CDMC operating now; commercial contracts scalable within current activity (EV-JAPANSDA-16)
OPP-18,P-US,sovereignty,5,4,"4/5 x w5 = 4.0 - sovereign tasking of commercial sensors provides the defined fallback the allied-hosted layer lacks (EV-SDAPROGR-15, EV-SDAPROGR-19)"
OPP-19,P-QUAD,priority_alignment,20,4,"4/5 x w20 = 16.0 - directly addresses the Pacific connectivity/resilience input through its MDA dimension (EV-PACIFICC-13, EV-PACIFIC-21)"
OPP-19,P-QUAD,capability_maturity,15,4,"4/5 x w15 = 12.0 - operational and corroborated: IPMDA delivering commercial RF data via FFA and the Pacific Fusion Centre; IFC-IOR arm operationalised (EV-PACIFICC-14, EV-PACIFICC-17)"
OPP-19,P-QUAD,mutual_benefit,15,4,"4/5 x w15 = 12.0 - declared, repeated commitment: 10th and 11th Quad FMMs recommitted to increased space-based RF data provision (EV-PACIFICC-16, EV-PACIFICC-17)"
OPP-19,P-QUAD,value_proposition,15,4,"4/5 x w15 = 12.0 - evidenced distinctive contribution: Australia effectively carries the Pacific tier and funds the pilot (EV-PACIFICC-15, EV-PACIFICC-21)"
OPP-19,P-QUAD,instrument_forum,10,3,3/5 x w10 = 6.0 - IPMDA arrangement exists but is civil and non-binding; expansion rides the summit cycle (EV-PACIFICC-13)
OPP-19,P-QUAD,security_releasability,5,3,3/5 x w5 = 3.0 - commercial unclassified data by design; sovereign-sensor insertion would raise release questions (EV-PACIFICC-21)
OPP-19,P-QUAD,technical_interop,5,4,4/5 x w5 = 4.0 - RF data feeds and analytics operating with partner agencies (EV-PACIFICC-15)
OPP-19,P-QUAD,policy_compatibility,5,5,5/5 x w5 = 5.0 - actively reinforces Boe Declaration and 2050 Strategy framing (EV-PACIFIC-21)
OPP-19,P-QUAD,time_resources,5,4,4/5 x w5 = 4.0 - steady-state delivery underway; scaling is incremental (EV-PACIFICC-21)
OPP-19,P-QUAD,sovereignty,5,4,4/5 x w5 = 4.0 - enhances Pacific partners' own awareness; no Australian dependency created (EV-PACIFICC-14)
OPP-20,P-US,priority_alignment,20,4,4/5 x w20 = 16.0 - directly addresses the EO dependency input through assured commercial access (EV-EOCONTIN-02)
OPP-20,P-US,capability_maturity,15,4,4/5 x w15 = 12.0 - operational and corroborated: DAP partnership since 2018 with 3D/high-res suites added 2021 (EV-EOCONTIN-17)
OPP-20,P-US,mutual_benefit,15,3,"3/5 x w15 = 9.0 - commercial relationship with plausible two-way value (Australian ground segment, market anchor); no partner-government reciprocity involved (EV-EOCONTIN-17)"
OPP-20,P-US,value_proposition,15,3,3/5 x w15 = 9.0 - credible contribution: sovereign downlink infrastructure and cal/val geography (EV-EOCONTIN-17)
OPP-20,P-US,instrument_forum,10,4,4/5 x w10 = 8.0 - existing DAP contract line provides the instrument with minor renewal conditions (EV-EOCONTIN-17)
OPP-20,P-US,security_releasability,5,4,4/5 x w5 = 4.0 - direct tasking and downlink to Australia's own ground station already operating (EV-EOCONTIN-17)
OPP-20,P-US,technical_interop,5,4,4/5 x w5 = 4.0 - integration proven over seven-plus years (EV-EOCONTIN-17)
OPP-20,P-US,policy_compatibility,5,4,4/5 x w5 = 4.0 - consistent with the layered continuity posture (EV-EOCONTIN-21)
OPP-20,P-US,time_resources,5,4,4/5 x w5 = 4.0 - contract renewal within existing arrangements (EV-EOCONTIN-17)
OPP-20,P-US,sovereignty,5,3,"3/5 x w5 = 3.0 - commercial dependency with sovereign-tasking mitigation; Continuum-1 is an R&D testbed, not an operational fallback (EV-EOCONTIN-19)"
OPP-21,P-US,priority_alignment,20,4,4/5 x w20 = 16.0 - directly addresses the workforce gap (AUS-IN-05) through the fastest available mechanism (EV-MULTILAT-23)
OPP-21,P-US,capability_maturity,15,5,"5/5 x w15 = 15.0 - mature, recurring exercise architecture: Global Sentinel ~30 nations, Schriever 350+ participants, Space Flag coalition serials (EV-MULTILAT-16, EV-MULTILAT-17)"
OPP-21,P-US,mutual_benefit,15,3,"3/5 x w15 = 9.0 - declared interest in the general area: Australia is a returning participant and RAAF officers hold deputy-command roles, but expanded billets are not promised (EV-MULTILAT-22)"
OPP-21,P-US,value_proposition,15,3,"3/5 x w15 = 9.0 - credible contribution: operators, southern-hemisphere sensor perspectives and JCO-qualified analysts (EV-JAPANSDA-16)"
OPP-21,P-US,instrument_forum,10,4,"4/5 x w10 = 8.0 - standing exercise series with established Australian access (EV-MULTILAT-16, EV-MULTILAT-17)"
OPP-21,P-US,security_releasability,5,3,3/5 x w5 = 3.0 - multinational exercises run releasability tiers by design (EV-MULTILAT-15)
OPP-21,P-US,technical_interop,5,4,4/5 x w5 = 4.0 - interoperability demonstrated in exercise settings repeatedly (EV-MULTILAT-16)
OPP-21,P-US,policy_compatibility,5,5,5/5 x w5 = 5.0 - reinforces every alliance space objective at low political cost (EV-MULTILAT-23)
OPP-21,P-US,time_resources,5,4,"4/5 x w5 = 4.0 - participation already supported within current resourcing - GS25, Schriever 25, Resolute Space 2025 all executed (EV-MULTILAT-16, EV-MULTILAT-17, EV-MULTILAT-22)"
OPP-21,P-US,sovereignty,5,4,"4/5 x w5 = 4.0 - contribution-based participation, no dependency created (EV-MULTILAT-23)"
