tranche,name,window,opportunity_id,title,partner,band,pathway,treatment,owner,vehicles,next_action,date_or_window,cost_signal,off_ramp
T1,Tranche 1 - Decide and deliver now,Now to December 2026,OPP-14,SPA9102 narrowband UHF delivery: allied interoperability and industrial participation,P-US (United States),A (87 raw),AMBER,Act now (AMBER),CASG,"AusTender ATM ADSS/NOT/84124/1 (sovereign procurement, EV-MILSATCO-09 TO_VERIFY); VEH-US-26 (WGS MoU - allied interoperability edge, In force)","Verify the AusTender notice, close date and First-Pass status by 1 Aug 2026 (GL-27); shape the RFT response before the reported 19 Aug 2026 close; confirm Second Pass timing against ~Nov 2026 tender responses and name the approving authority (GL-26).","1 Aug 2026 (verify) / 19 Aug 2026 (close, TO_VERIFY) / Nov 2026 (Second Pass timing)","Program-level (existing 2026 IIP A$5.2-7.2bn decade SATCOM envelope is context, not an ask; response costs TBD at validation)","Acquisition slips: extend IS-22 UHF options (to 2041) and lease allied narrowband capacity (recorded second_best) - bridge, not destination (DEP-03). Architecture read-across to OPP-01 recorded at Sec"
T1,Tranche 1 - Decide and deliver now,Now to December 2026,OPP-01,Assured multi-orbit SATCOM through allied and commercial augmentation (architecture decision space),P-US (United States),A (86 raw),AMBER,Act now (AMBER),DSC,"VEH-US-26 (WGS MoU, In force; post-2029 renewal path TO_VERIFY); VEH-US-06 (Enhanced Space Cooperation FPI, In force); VEH-US-02 (AUSMIN, In force); VEH-US-25 (USSF-ASC Statement of Intent, In force)",Name the accountable authority by 19 Aug 2026 (GL-02); state at Second Pass whether OPP-14's single-UHF-GEO design pre-commits the wideband/multi-orbit architecture (recorded interdependency); table the wideband and alternative-communications lines of effort at the next AUSMIN; open WGS access-exten,19 Aug 2026 (owner named); next IIP cycle (wideband scoping/Second Pass target); early 2028 (demonstrator gate); 2029 (WGS horizon),"Program-level (wideband acquisition unapproved; IIP envelope committed but planned-vs-approved gap recorded, AUS-IN-13/EV-AUINPUTS-09; TBD at validation)","WGS + Optus C1 (to Sep 2034) + IS-22 interim posture with the 2028 sovereign demonstrator as proof point; V7 s53 condition set (dependency tolerance, fallback, exit, data control) written into the wid"
T1,Tranche 1 - Decide and deliver now,Now to December 2026,OPP-02,Southern-hemisphere SDA sensing network deepening,P-US (United States),A (91 raw - equal top of table),AMBER,Act now (AMBER),DSC,"VEH-US-17 (SSA Partnership Statement of Principles 2010, In force); VEH-US-24 (Enhanced Space Cooperation MoU, In force); VEH-US-20 (2012 SSA Data-Sharing MoU - heritage citation only, TO_VERIFY, possible supersession)","Continue sensor operations (in execution); validate EV-AUINPUTS-14 (DARC/JP9360 funding-pressure claim, Low confidence) before the next AUSMIN (GL-03); take expansion decisions only through the single portfolio funding decision shared with OPP-03/OPP-18.",Before next AUSMIN (EV-AUINPUTS-14 validated; portfolio decision in the IIP cycle),TBD (no new-money ask implied by the treatment label; expansion conditional on the portfolio decision),CSpO multilateral data-sharing track (recorded second_best) if bilateral channels stall; expansion halts if the portfolio decision prioritises the sovereign JP9360 layer.
T1,Tranche 1 - Decide and deliver now,Now to December 2026,OPP-03,DARC trilateral completion and sovereign SDA balance,P-AUKUS (AUKUS trilateral),A (89 raw),AMBER,Act now (AMBER),DSC,"VEH-MULTILATERAL-18 (DARC trilateral MoU US-UK-AU, In force, reported 22-year duration); VEH-US-21 (DARC Trilateral MoU - US register leg, In force)","Sustain Site 1 delivery (Early Use since Sep 2025, construction ~3 months early); negotiate Australian data-access terms (products, latency, tasking share) before 2027 full operations (GL-31); record the s53 sovereignty condition set - data-access guarantee, hosting offsets (C-23/AUS-IN-17), funding",Before 2027 FOC (data-access terms and sovereignty conditions); portfolio funding decision before next AUSMIN (GL-08),TBD (hosting support costs to be validated with EV-AUINPUTS-14; no new-money ask implied),"Sovereign JP9360 tranche acceleration (recorded second_best) if trilateral funding tensions bind; without data-access terms by FOC, delivery counts as a hosted capability, not an Australian one - re-p"
T1,Tranche 1 - Decide and deliver now,Now to December 2026,OPP-07,Early integration into USSF Force Design (IPS LOE 1),P-US (United States),A (87 raw / 92 renormalised sensitivity view - former #1 rank was a renormalisation artefact),AMBER,Act now - CONDITIONAL (AMBER),DSC,"VEH-US-25 (USSF-Australian Space Command Statement of Intent, 3 June 2026, In force); VEH-US-24 (Enhanced Space Cooperation MoU 2023, In force)","Approve participation SUBJECT TO release-tier confirmation for Force Design artefacts (GL-12, ACSO/FCP channel) before the first Australian Force Design input; document the accepted-influence risk and institution-agnostic fallback in the participation decision (GL-32); commit named planners against ","2026 design-in year; release tier before first input (GL-12, with GL-32)","TBD (workforce, not money, is the recorded constraint - first SIET graduates June 2026, DEP-09)","CSpO-mediated participation (recorded second_best) if bilateral bandwidth constrains; if the release tier is not confirmed, hold all inputs - the condition is the decision."
T1,Tranche 1 - Decide and deliver now,Now to December 2026,OPP-10,Earth observation continuity portfolio - Japan leg (Himawari/BoM-JMA),P-JP (Japan),A (91 raw - equal top of table),AMBER,Act now (AMBER),TBD,"BoM-JMA Strategic Relationship Arrangement (in force 11 November 2024, EV-CONVERSA-03 - no VEH ID assigned in the vehicle register: register gap, watch item); VEH-JAPAN-09 (Japan-Australia 2+2, In force - ministerial channel)","Sustain Himawari-10 contribution delivery (committed, EV-CONVERSA-03); confirm the revised Himawari-10 schedule (build delayed) and define comparable-cadence contingency imagery per DEP-02's success condition at the next BoM-JMA program review (GL-34); verify the ALOS-4 access channel (EV-EOCONTIN-1",Next BoM-JMA program review (GL-34); continuous delivery meanwhile,TBD (co-investment committed; contingency-access costs unquantified),Copernicus hub and commercial legs at lower cadence (SCN-02 fallback); the OPP-20 commercial hedge counts as mitigation only once crisis-priority clauses are contracted (recorded interdependency).
T1,Tranche 1 - Decide and deliver now,Now to December 2026,OPP-18,Sovereign and commercial SDA layering into allied constructs (JCO/CDMC line),P-US (United States),A (84 raw),AMBER,Act now - NOTE delivery + DIRECT verification (AMBER),DSC,"VEH-MULTILATERAL-30 (JCO cell participation - TO_VERIFY; verification is the directed action); VEH-US-38 (May 2026 expanded space-surveillance partnership - TO_VERIFY); Per-provider commercial contracts (EV-JAPANSDA-17, extant)",NOTE continued delivery (CDMC operating; JCO-200 delivered Sep 2025; sovereign RPO demonstrated Feb 2026); DIRECT verification of JCO participation terms and the PWSA-connection intent by Q4 2026 (GL-28) - it gates the reported late-2026 PWSA timeline; restate the hedge value against verified terms ,Q4 2026 (GL-28); funding via the portfolio decision before next AUSMIN (GL-29),"TBD (sovereign-layer scale-up unfunded - no JP9360 tranche award evidenced 2025-26, EV-SDAPROGR-03)",Bilateral per-provider sensor-data contracts (recorded second_best) if JCO terms cannot be verified; the 'releasable hedge' claim (DEP-06) lapses if terms fail or the sensor mix stays EOS-dependent - 
T1,Tranche 1 - Decide and deliver now,Now to December 2026,OPP-04,Japan-Australia SDA information sharing and unit-level exchanges,P-JP (Japan),"B (76 raw - reverted from a silent v2 re-score, declared)",GREEN,Quick win (GREEN) - executed immediately as the tranche-1 diversification leg,DSC,"VEH-JAPAN-09 (2+2 Ministerial Consultations, In force - reiterated mandate); VEH-JAPAN-07 (Information Security Agreement, In force); VEH-JAPAN-12 (Framework for Strategic Defence Coordination, In force)",Stand up the recurring unit-level exchange and shareable-tier SDA information exchange under the existing 2+2 mandate now - liaison exchanges already commencing (EV-JAPANSDA-02); the fastest space partnership win available and the plan's nearest non-US leg (DEP-01 counterweight).,Immediate; first recurring exchange serial before Dec 2026,Minor (Quick-win test requires low resource demand; order of magnitude TBD at validation),None needed (GREEN pathway; all components Green). CSpO-track information sharing if bilateral tempo lags (recorded second_best).
T1,Tranche 1 - Decide and deliver now,Now to December 2026,OPP-21,"Coalition space exercise and wargame line (Global Sentinel, Schriever, Apollo Insights)",P-US (United States),B (77 raw),GREEN,Quick win (GREEN),DSC,"VEH-US-31 (Exercise Global Sentinel, In force); VEH-US-32 (Schriever Wargame, In force); VEH-MULTILATERAL-11 (Operation Olympic Defender, In force)","Expand billets and bid for command/planning roles in each 2026-27 serial; verify Space Flag currency (Australian participation last confirmed 2019, EV-MULTILAT-18 TO_VERIFY).",Each 2026-27 exercise serial,Minor (Quick-win test requires low resource demand; order of magnitude TBD at validation),Bilateral exercise integration via Talisman Sabre space serials (recorded second_best) if multilateral billets tighten.
T1,Tranche 1 - Decide and deliver now,Now to December 2026,OPP-17,Japan defence-space upgrade - ACCELERATED PATHWAY ACTION ONLY (arrangement scoping; delivery remains Tranche 2),P-JP (Japan),B (76 raw),AMBER,Build pathway (AMBER) - one lever accelerated into T1 per the sovereign-balance ruling,Strategy&Plans,"VEH-JAPAN-09 (2+2, In force - the mandate to convert); VEH-JAPAN-12 (FSDC, In force - the annex host)","Scope the dedicated bilateral space arrangement (FSDC space annex terms of reference) inside Japan's FY2026 Space Operations Command stand-up window, before a US-only pattern normalises - the recorded binding gap is the absent instrument; scoping costs nothing but staff effort and buys the portfolio",Within Japan's FY2026 Space Operations Command stand-up window,None (scoping is staff effort; negotiation and delivery costs TBD at T2 entry),Hold at CSpO-tier sharing plus JCO Pacific Cell (recorded exit condition) if no dedicated arrangement is scoped within the FY2026 window.
T2,Tranche 2 - Build the pathways,2027-28 (gate-opening levers run from late 2026),OPP-15,Layered resilient military PNT - AUKUS quantum-clock line (sovereign-delivery recommendation attached),P-AUKUS,B (77 raw),AMBER,Build pathway (AMBER),DSTG,VEH-UK-13 (AUKUS licence-free environment - carries the QuantX clock line contracted 2024),Secure a named AUKUS Pillar 2 PNT workstream and program funding by the next AUKUS review point; put the quantum-PNT sovereign-delivery recommendation to governance (PD-16) - demonstrator momentum (March 2026 launch) keeps the window warm.,Next AUKUS review point,TBD (program funding is the recorded gap),Continue the quantum-clock line nationally without the AUKUS badge (recorded exit condition).
T2,Tranche 2 - Build the pathways,2027-28 (gate-opening levers run from late 2026),OPP-15,Layered resilient military PNT - M-code access (MGUE accession),P-US,B (73 raw / 77 renormalised sensitivity view),AMBER,Build pathway (AMBER),DSC,VEH-US-25 (USSF-ASC SoI - the service-chief fallback channel for the MGUE ask if the AUSMIN slate is full); VEH-US-02 (AUSMIN),Confirm MGUE PA accession and releasability before mature fielding proposals; route the ask via the VEH-US-25 service-chief channel if the next-AUSMIN slate is full (consolidated-agenda ruling); trial-range contributions proceed as pathway work.,Next AUSMIN-cycle review (accession check is the recorded exit trigger),TBD,"Shift weight to the commercial LEO-PNT layer (OPP-16, recorded second_best) and the sovereign quantum line if accession remains unconfirmed."
T2,Tranche 2 - Build the pathways,2027-28 (gate-opening levers run from late 2026),OPP-19,Quad IPMDA satellite RF data expansion for Pacific maritime awareness,P-QUAD,B (78 raw),AMBER,Build pathway (AMBER),Strategy&Plans,Quad IPMDA construct (via P-QUAD instruments; VEH-JAPAN-40 Quad space working group TO_VERIFY),Lodge the Australian resource bid for expansion; test Quad funding authority beyond the pilot at the next summit cycle.,Next Quad summit cycle,TBD (the resource bid IS the lever),Expand the direct DFAT-FFA commercial contract (recorded exit condition) if Quad funding authority remains undefined.
T2,Tranche 2 - Build the pathways,2027-28 (gate-opening levers run from late 2026),OPP-02,Southern-hemisphere SDA - Japan second leg,P-JP,B (76 raw),AMBER,Build pathway (AMBER),Strategy&Plans,VEH-JAPAN-12 (FSDC - annex host); VEH-JAPAN-07 (ISA - release basis),Agree the FSDC space annex and SDA release matrix (GL-04/GL-05) within the next 2+2 cycle - shares the annex vehicle with the accelerated OPP-17 scoping.,Next 2+2 cycle,TBD,Fall back to the CSpO data-sharing track (recorded exit condition) if no annex or release matrix is agreed within the cycle.
T2,Tranche 2 - Build the pathways,2027-28 (gate-opening levers run from late 2026),OPP-09,Space-control contribution through MNF Operation Olympic Defender,P-CSPO,"B (74 raw - reverted from a silent v2 re-score, declared)",AMBER,Build pathway (AMBER),DSC,"VEH-MULTILATERAL-11 (Operation Olympic Defender, In force); VEH-MULTILATERAL-10 (CSpO Initiative, In force)","Build the tiered release matrix for contribution offers ahead of the December 2026 Oslo CSpO Principals' meeting (GL-17); sequence expanded contribution against workforce reality (GL-18, DEP-09).",Before Dec 2026 (Oslo); expansion decisions 2027,TBD,"Scale contribution to the bilateral US channel (ESC MoU, recorded exit condition) if release-differential and workforce gaps are not levered by Oslo."
T2,Tranche 2 - Build the pathways,2027-28 (gate-opening levers run from late 2026),OPP-06,Indian Ocean ground-segment partnership with India (Gaganyaan line),P-IN,B (74 raw),AMBER,Build pathway (AMBER),Strategy&Plans,"VEH-INDIA-29 (ISRO-ASA Gaganyaan Implementing Arrangement, In force - the proven civil base); VEH-INDIA-15 (2+2 Dialogue, In force)",Scope a defence-space annex under the 2026 Joint Declaration by the next annual summit cycle; establish the information-security basis (GL-11).,Next annual summit cycle,TBD,Revert to the civil-only ISRO-ASA track (recorded exit condition) if a defence annex cannot be scoped.
T2,Tranche 2 - Build the pathways,2027-28 (gate-opening levers run from late 2026),OPP-12,Space MAITRI follow-on: debris and space-sustainability missions with India,P-IN,B (70 raw),AMBER,Build pathway (AMBER),ASA,"VEH-INDIA-29 (ISRO-ASA Implementing Arrangement, In force)",Scope the follow-on mission (first mission funded and contracted); pre-clear the DEC permit strategy for DSGL 9A004 spacecraft technology (GL-24) before mission commitment.,Before follow-on mission commitment,Minor (follow-on scoping is cheap - recorded rationale; mission costs TBD),Revert to government-mission framing under ISRO-ASA instruments (recorded exit condition) if the permit path is not cleared.
T2,Tranche 2 - Build the pathways,2027-28 (gate-opening levers run from late 2026),OPP-10,"EO continuity - US Landsat Next leg (resource RED, held pending re-baseline)",P-US,B (72 raw),RED,Build pathway (RED - resource; RED correct but rests on the FY2026 budget REQUEST pending the enacted outcome),TBD,"VEH-US-02 (AUSMIN - the re-baseline forum); Landsat Next partnership (A$448.7m/11-year Australian commitment, EV-USSCSPAC-18)","Validate the enacted FY2026 Interior/NASA appropriations outcome and the 15 Aug 2025 restructured-requirements dissemination by Sep 2026 (GL-33); if funding restored, re-run the pathway (RED overtaken); seek re-baselined partnership terms at the first AUSMIN after validation (GL-20). Australian grou",Sep 2026 (validation); first AUSMIN after enacted outcome (re-baseline),Program-level (existing A$448.7m commitment exposed; no new ask until re-baseline),Shift contingency weight to Japan/Copernicus/commercial legs and pause new Landsat-specific commitments (recorded exit condition) if terms are not re-baselined.
T2,Tranche 2 - Build the pathways,2027-28 (gate-opening levers run from late 2026),OPP-10,EO continuity - Quad diversity channel,P-QUAD,B (65 raw),AMBER,Build pathway (AMBER),Strategy&Plans,Quad EO portal/commitments (non-binding; VEH-JAPAN-40 TO_VERIFY),Test for a funded data-hosting commitment in the next Quad summit cycle (GL-21).,Next Quad summit cycle,None (diversity channel; no commitment until funded),Treat as a diversity channel only and drop from continuity planning (recorded exit condition) if no funded commitment emerges.
T2,Tranche 2 - Build the pathways,2027-28 (gate-opening levers run from late 2026),OPP-20,Commercial EO assured-access layer (Maxar DAP line and sovereign tasking),P-US,B (73 raw),AMBER,Build pathway (AMBER),DSC,"Maxar DAP contract line (DEF799 status TO_VERIFY, EV-EOCONTIN-20)","Verify DEF799 program status/ownership by DAP renewal; negotiate the V7 s54 crisis-priority/availability clause set into the renewal (SCN-02/AUS-IN-16 conversion - tracked as an action, not a 'should') so the OPP-10 hedge becomes contractual.",By DAP renewal,TBD (clause premium unquantified),"Move to multi-vendor contracts (Planet-class, NSW precedent - recorded exit condition) if DEF799 status cannot be verified by renewal."
T2,Tranche 2 - Build the pathways,2027-28 (gate-opening levers run from late 2026),OPP-17,Japan defence-space upgrade: dedicated arrangement (delivery),P-JP,B (76 raw),AMBER,Build pathway (AMBER) - scoping accelerated into T1,Strategy&Plans,VEH-JAPAN-09 (2+2); VEH-JAPAN-12 (FSDC),"Negotiate the dedicated bilateral arrangement from the T1 scoping product, inside Japan's FY2026 Space Operations Command stand-up window; Japan's policy documents currently name only the US - the annex prevents a US-only pattern normalising.",FY2026 Space Operations Command stand-up window; delivery 2027,TBD,Hold at CSpO-tier sharing plus JCO Pacific Cell (recorded exit condition).
T2,Tranche 2 - Build the pathways,2027-28 (gate-opening levers run from late 2026),OPP-08,US commercial launch from Australian spaceports under the TSA,P-US,B (72 raw),RED,Build pathway (RED - security; acceptance-test case retained by design),ASA,"VEH-US-27 (Technology Safeguards Agreement - In force per EV-USSFFORC-15 FACT/High, EIF 23 July 2024; label TO_VERIFY pending Australian Treaty Series check, RECONCILED)",Proceed with hosting-revenue activity only; MTCR launch-vehicle exclusions on the Excluded Technology List block technology transfer - test for MTCR/ETL licensing relief at the next export-control review (GL-14).,Next export-control review,None (hosting revenue is income-side; no technology-access spend while RED),Hold at pathway-design and shift weight to the Gilmour Eris sovereign line (recorded exit condition) if no relief is evidenced.
T3,Tranche 3 - Explore and watch,Watching briefs; bounded studies only,OPP-02,Southern-hemisphere SDA - Germany leg,P-DE,B (69 raw / 77 renormalised sensitivity view; +2 from the Germany DoI re-score),AMBER,Explore (AMBER),Strategy&Plans,"VEH-GERMANY-09 (Declaration of Intent on a global space-surveillance sensor network, In force March 2026; residual gap is the implementing arrangement)","Validate SDA releasability (GL-07), then negotiate the implementing arrangement under the DoI before any bilateral design; scope the C-17 German optical ground-station demonstrator (DLR OSIRISv1-UWA TeraNet) as the cheap quick win alongside.",Next IIP/AUSMIN cycle review,Minor (validation and scoping only),Remain at CSpO co-membership (VEH-GERMANY-10) if releasability fails.
T3,Tranche 3 - Explore and watch,Watching briefs; bounded studies only,OPP-05,QZSS ground-segment resilience and regional PNT augmentation,P-JP,B (71 raw),AMBER,Explore (AMBER),DSC,VEH-JAPAN-38 (QZSS cooperation and ground-segment hosting - TO_VERIFY),Bounded joint study as first exposure; defence applicability unproven and the only extant arrangements are civil (GL-09).,Bounded study; no delivery commitment,Minor (study only),Close the study without commitment if defence applicability does not prove out.
T3,Tranche 3 - Explore and watch,Watching briefs; bounded studies only,OPP-11,Pacific space-enabled connectivity and maritime domain awareness,P-PIF,C (63 raw / 66 renormalised sensitivity view; band B->C after renormalisation removal - treatment unchanged),AMBER,Explore (AMBER),Strategy&Plans,PIF-level frameworks (P-PIF register; delivery mechanism unselected - GL-22),"Scoping study through PIF mechanisms; select a delivery mechanism (GL-22) and assess LEO integration parameters (GL-23) before any commitment. DEP-04 treatment (multi-vendor guidance, community gateways, cable redundancy) proceeds regardless.",Scoping study; no delivery commitment,Minor (study only),Fold into DEP-04 resilience guidance without a Defence program if the study does not support one.
T3,Tranche 3 - Explore and watch,Watching briefs; bounded studies only,OPP-16,Commercial LEO-PNT demonstration pathway (GPS-independent signal),P-US,C (58 raw),AMBER,Explore (AMBER),DSTG,Commercial demonstration arrangements (demonstration-stage; no acquisition instrument),Bounded evaluation as insurance for the OPP-15 M-code line; no acquisition case exists yet.,Bounded evaluation,Minor (evaluation only),Close the evaluation; the sovereign quantum line (OPP-15 P-AUKUS) is the retained hedge.
T3,Tranche 3 - Explore and watch,Watching briefs; bounded studies only,OPP-08,Launch - Germany leg (RFA at Whalers Way),P-DE,C (59 raw),AMBER,Explore (AMBER),ASA,"Spaceport/range arrangements (project-level; RFA ONE unflown, campaign dormant)",Keep ranges available; re-test once RFA ONE has flown (GL-15 trigger) - no Australian resource commitment warranted yet.,RFA ONE maiden-flight milestone,None (keep-warm only),Already minimal; drop the watching brief if German priorities stay concentrated at SaxaVord (GL-16).
T3,Tranche 3 - Explore and watch,Watching briefs; bounded studies only,OPP-13,UAE space engagement via standards and data-sharing entry points,P-AE,C (53 raw / 56 renormalised sensitivity view),RED,Hold (RED - instrument),Strategy&Plans,"2019 MoU (civil, expressly non-binding - the RED instrument gap, GL-25)","Hold defence-space ambitions until an instrument pathway exists; the only register-supported lever is the low-cost IEEE standards entry (EV-UAE-23), carried in the gap backlog.",No date - Hold until an instrument pathway exists,None,This IS the off-ramp: no resources while the instrument component is RED.
